t_rel;t_epoch;ID;subID;lon;lat;alt;heading;speed;distance;yaw;pitch;roll;easting;northing;flightphase;satid;orbit_lat;orbit_lng;orbit_dist;uav_az;uav_elev;uav_dist;gain_az;gain_elev;gain_value;sat_sel;beam_sel;alpha;EIRP0;d_alpha;db_at_alpha;EIRP;Tsky_uav;Tsys_uav;Tsky_sat;Tsys_sat;terrain_shadowing;DEM_x;DEM_y;DEM_z;DEM_dist;DEM_min_dz;atm_loss_up;atm_loss_down;rain_att_up;rain_att_down;path_in_atm;path_in_rain;path_loss_up;path_loss_down;f_down;f_up;bandwidth;CN0_downlink;CN_total_downlink;Es/N0_down;modcod_downlink;coderate_downlink;datarate_downlink;CN0_uplink;CN_total_uplink;Es/N0_up;modcod_uplink;coderate_uplink;datarate_uplink;act_flightphase_start;uplink_latency_active;uplink_datarate_active;uplink_availability_active;uplink_continuity_active;uplink_integrity_active;uplink_transaction_time_active;uplink_transaction_possibility_active;uplink_latency_avg;uplink_datarate_avg;uplink_availability_avg;uplink_continuity_avg;uplink_transaction_time_avg;uplink_transaction_possibility_avg;downlink_latency_active;downlink_datarate_active;downlink_availability_active;downlink_continuity_active;downlink_integrity_active;downlink_transaction_time_active;downlink_transaction_possibility_active;downlink_latency_avg;downlink_datarate_avg;downlink_availability_avg;downlink_continuity_avg;downlink_transaction_time_avg;downlink_transaction_possibility_avg
0;1786615548;0;0;7.49103;46.91915;509.99007984;140.20801;3.950437369033422e-11;7.900874738066844e-10;0;-1.17364;-0.06869;385107.6185737303;5197284.755875946;0;;;;;;;;;;;;;;;;;;;;;;;;;;;;;;;;;;;;;;;;;;;;;;;;;;;;;;;;;;;;;;;;;;;;;;;;;;;;;
20;1786615568;0;19.01915708811964;7.49103;46.91915000000002;509.982974952;140.265958467433;3.950437369033422e-11;7.900874738066844e-10;0;0.6423075095785522;-0.07513601532566494;385107.6185737303;5197284.755875946;0;;;;;;;;;;;;;;;;;;;;;;;;;;;;;;;;;;;;;;;;;;;;;;;;;;;;;;;;;;;;;;;;;;;;;;;;;;;;;
40;1786615588;0;38.00383141761836;7.49103;46.91915;509.9830115280002;140.2658404214559;0;0;0;0.6452322988505872;-0.07648984674329526;385107.6185737303;5197284.755875946;0;;;;;;;;;;;;;;;;;;;;;;;;;;;;;;;;;;;;;;;;;;;;;;;;;;;;;;;;;;;;;;;;;;;;;;;;;;;;;
60;1786615608;0;57.0229885057448;7.49103;46.91915;509.9830464223448;140.2660654022989;3.372832529136883e-12;6.745665058273768e-11;0;0.642286666666662;-0.07577724137930656;385107.6185737303;5197284.755875946;0;;;;;;;;;;;;;;;;;;;;;;;;;;;;;;;;;;;;;;;;;;;;;;;;;;;;;;;;;;;;;;;;;;;;;;;;;;;;;
80;1786615628;0;76.0076628352436;7.49103;46.91915;509.9830112477244;140.2659893869732;3.372832529136883e-12;6.745665058273768e-11;0;0.6431771647509456;-0.07670544061302298;385107.6185737303;5197284.755875946;0;;;;;;;;;;;;;;;;;;;;;;;;;;;;;;;;;;;;;;;;;;;;;;;;;;;;;;;;;;;;;;;;;;;;;;;;;;;;;
100;1786615648;0;94.9578544061288;7.49103;46.91915;509.983009986483;140.2658142145594;0;0;0;0.6422574329502094;-0.07674114942528706;385107.6185737303;5197284.755875946;0;;;;;;;;;;;;;;;;;;;;;;;;;;;;;;;;;;;;;;;;;;;;;;;;;;;;;;;;;;;;;;;;;;;;;;;;;;;;;
120;1786615668;0;113.91111111110662;7.49103;46.91915;509.9830147792002;140.2659617777778;0;0;0;0.6446959999999766;-0.07624222222221932;385107.6185737303;5197284.755875946;0;;;;;;;;;;;;;;;;;;;;;;;;;;;;;;;;;;;;;;;;;;;;;;;;;;;;;;;;;;;;;;;;;;;;;;;;;;;;;
140;1786615688;0;132.8927203065127;7.49103;46.91915;509.983048104;140.2660335632184;0;0;0;0.6436630651340948;-0.07588662835249156;385107.6185737303;5197284.755875946;0;;;;;;;;;;;;;;;;;;;;;;;;;;;;;;;;;;;;;;;;;;;;;;;;;;;;;;;;;;;;;;;;;;;;;;;;;;;;;
160;1786615708;0;151.8429118773908;7.49103;46.91915;509.9830115280002;140.2658414176245;0;0;0;0.6448752107279848;-0.07683134099616468;385107.6185737303;5197284.755875946;0;;;;;;;;;;;;;;;;;;;;;;;;;;;;;;;;;;;;;;;;;;;;;;;;;;;;;;;;;;;;;;;;;;;;;;;;;;;;;
180;1786615728;0;170.8275862068908;7.49103;46.91915;509.9830052217932;140.2658834482759;0;0;0;0.6488031034483042;-0.07704034482758488;385107.6185737303;5197284.755875946;0;;;;;;;;;;;;;;;;;;;;;;;;;;;;;;;;;;;;;;;;;;;;;;;;;;;;;;;;;;;;;;;;;;;;;;;;;;;;;
200;1786615748;0;189.7777777777747;7.49103;46.91915;509.9830196560002;140.2659566666667;0;0;0;0.6437466666666498;-0.0763222222222217;385107.6185737303;5197284.755875946;0;;;;;;;;;;;;;;;;;;;;;;;;;;;;;;;;;;;;;;;;;;;;;;;;;;;;;;;;;;;;;;;;;;;;;;;;;;;;;
220;1786615768;0;208.7624521072735;7.49103;46.91915;509.9830567925518;140.265956743295;0;0;0;0.643160114942495;-0.07592229885058106;385107.6185737304;5197284.755875946;0;;;;;;;;;;;;;;;;;;;;;;;;;;;;;;;;;;;;;;;;;;;;;;;;;;;;;;;;;;;;;;;;;;;;;;;;;;;;;
240;1786615788;0;227.7816091954;7.49103;46.91915;509.9830115280002;140.2658302298851;0;0;0;0.6463833333333402;-0.07690471264367598;385107.6185737303;5197284.755875946;0;;;;;;;;;;;;;;;;;;;;;;;;;;;;;;;;;;;;;;;;;;;;;;;;;;;;;;;;;;;;;;;;;;;;;;;;;;;;;
260;1786615808;0;246.8007662835251;7.49103;46.91915;509.9830115280002;140.2659219157088;0;0;0;0.6489162452107272;-0.07687586206896552;385107.6185737303;5197284.755875946;0;;;;;;;;;;;;;;;;;;;;;;;;;;;;;;;;;;;;;;;;;;;;;;;;;;;;;;;;;;;;;;;;;;;;;;;;;;;;;
280;1786615828;0;265.7854406130238;7.49103;46.91915;509.9830559517242;140.2659585440613;0;0;0;0.6445677777777532;-0.07635348659003736;385107.6185737303;5197284.755875946;0;;;;;;;;;;;;;;;;;;;;;;;;;;;;;;;;;;;;;;;;;;;;;;;;;;;;;;;;;;;;;;;;;;;;;;;;;;;;;
300;1786615848;0;284.7701149425294;7.49103;46.91915;509.9830565122758;140.2660262068966;0;0;0;0.6439675862069016;-0.0760239080459765;385107.6185737303;5197284.755875946;0;;;;;;;;;;;;;;;;;;;;;;;;;;;;;;;;;;;;;;;;;;;;;;;;;;;;;;;;;;;;;;;;;;;;;;;;;;;;;
320;1786615868;0;303.7547892720282;7.49103;46.91915;509.9830204968278;140.2658616858238;0;0;0;0.6482363218390838;-0.07701214559386732;385107.6185737303;5197284.755875946;0;;;;;;;;;;;;;;;;;;;;;;;;;;;;;;;;;;;;;;;;;;;;;;;;;;;;;;;;;;;;;;;;;;;;;;;;;;;;;
340;1786615888;0;322.7394636015339;7.49103;46.91915;509.9829844813794;140.2659587356322;0;0;0;0.6509880076628376;-0.07686597701149384;385107.6185737303;5197284.755875946;0;;;;;;;;;;;;;;;;;;;;;;;;;;;;;;;;;;;;;;;;;;;;;;;;;;;;;;;;;;;;;;;;;;;;;;;;;;;;;
360;1786615908;0;341.6896551724116;7.49103;46.91915;509.9830594551724;140.2659141379311;0;0;0;0.643326896551714;-0.07627068965517298;385107.6185737303;5197284.755875946;0;;;;;;;;;;;;;;;;;;;;;;;;;;;;;;;;;;;;;;;;;;;;;;;;;;;;;;;;;;;;;;;;;;;;;;;;;;;;;
380;1786615928;0;360.5708812260505;7.49103;46.91915;509.9830429188968;140.2659443295019;0;0;0;0.642389003831379;-0.0762483524904202;385107.6185737303;5197284.755875946;0;;;;;;;;;;;;;;;;;;;;;;;;;;;;;;;;;;;;;;;;;;;;;;;;;;;;;;;;;;;;;;;;;;;;;;;;;;;;;
400;1786615948;0;379.5037037037011;7.49103;46.91915;509.9830296805334;140.2659194814815;0;0;0;0.6502132592592394;-0.07685777777777582;385107.6185737303;5197284.755875946;0;;;;;;;;;;;;;;;;;;;;;;;;;;;;;;;;;;;;;;;;;;;;;;;;;;;;;;;;;;;;;;;;;;;;;;;;;;;;;
420;1786615968;0;398.4367816091931;7.49103;46.91915;509.9830115280002;140.2658574712644;0;0;0;0.6472583908045824;-0.077546666666664;385107.6185737303;5197284.755875946;0;;;;;;;;;;;;;;;;;;;;;;;;;;;;;;;;;;;;;;;;;;;;;;;;;;;;;;;;;;;;;;;;;;;;;;;;;;;;;
440;1786615988;0;417.3869731800754;7.49103;46.91915;509.983070526069;140.266018697318;0;0;0;0.6407160919540228;-0.07632789272030796;385107.6185737303;5197284.755875946;0;;;;;;;;;;;;;;;;;;;;;;;;;;;;;;;;;;;;;;;;;;;;;;;;;;;;;;;;;;;;;;;;;;;;;;;;;;;;;
460;1786616008;0;436.371647509577;7.49103;46.91915;509.9830710866206;140.2659568199234;0;0;0;0.6409898850574536;-0.07671421455938542;385107.6185737303;5197284.755875946;0;;;;;;;;;;;;;;;;;;;;;;;;;;;;;;;;;;;;;;;;;;;;;;;;;;;;;;;;;;;;;;;;;;;;;;;;;;;;;
480;1786616028;0;455.3111111111066;7.49103;46.91915;509.9830115280002;140.2658862222222;0;0;0;0.6496326666666382;-0.07689911111111026;385107.6185737304;5197284.755875946;0;;;;;;;;;;;;;;;;;;;;;;;;;;;;;;;;;;;;;;;;;;;;;;;;;;;;;;;;;;;;;;;;;;;;;;;;;;;;;
500;1786616048;0;474.2629629629622;7.49103;46.91915;509.9830115280002;140.2658694814815;0;0;0;0.6470221481481462;-0.07688618518518464;385107.6185737303;5197284.755875946;0;;;;;;;;;;;;;;;;;;;;;;;;;;;;;;;;;;;;;;;;;;;;;;;;;;;;;;;;;;;;;;;;;;;;;;;;;;;;;
520;1786616068;0;493.2222222222198;7.49103;46.91915;509.983048104;140.2658977777778;0;0;0;0.6460077777777744;-0.0766988888888912;385107.6185737303;5197284.755875946;0;;;;;;;;;;;;;;;;;;;;;;;;;;;;;;;;;;;;;;;;;;;;;;;;;;;;;;;;;;;;;;;;;;;;;;;;;;;;;
540;1786616088;0;512.2413793103448;7.49103;46.91915;509.9830670226208;140.2659065517242;0;0;0;0.6432675862068964;-0.07660241379310342;385107.6185737303;5197284.755875946;0;;;;;;;;;;;;;;;;;;;;;;;;;;;;;;;;;;;;;;;;;;;;;;;;;;;;;;;;;;;;;;;;;;;;;;;;;;;;;
560;1786616108;0;531.329501915708;7.49103;46.91915;509.983036052138;140.2659170498085;3.964809629648281e-11;7.929619259296562e-10;0;0.649705747126431;-0.0767959003831416;385107.6185737304;5197284.755875948;0;;;;;;;;;;;;;;;;;;;;;;;;;;;;;;;;;;;;;;;;;;;;;;;;;;;;;;;;;;;;;;;;;;;;;;;;;;;;;
580;1786616128;0;550.3141762452068;7.491030000000002;46.91915000000002;509.98308468;140.2716120306514;3.964809629648281e-11;7.929619259296562e-10;0;0.6407352873563592;-0.0723856321839263;385107.6185737304;5197284.755875948;0;;;;;;;;;;;;;;;;;;;;;;;;;;;;;;;;;;;;;;;;;;;;;;;;;;;;;;;;;;;;;;;;;;;;;;;;;;;;;
600;1786616148;0;569.333333333331;7.49103;46.91915;509.9831476720002;140.27061;0.3496782758152557;6.993565516305114;0;0.6308599999999942;-0.06854666666666964;385107.6185737303;5197284.755875946;0;;;;;;;;;;;;;;;;;;;;;;;;;;;;;;;;;;;;;;;;;;;;;;;;;;;;;;;;;;;;;;;;;;;;;;;;;;;;;
620;1786616168;0;588.386973180074;7.491087088122606;46.919100651341;509.9970249123678;140.2998501532565;33.83074578921633;676.6149157843264;-0.747514221252747;0.1719415325668561;-0.1973406513407902;385111.859670876;5197279.188512956;0;;;;;;;;;;;;;;;;;;;;;;;;;;;;;;;;;;;;;;;;;;;;;;;;;;;;;;;;;;;;;;;;;;;;;;;;;;;;;
640;1786616188;0;607.371647509577;7.49677724137931;46.91441877394636;511.9226731621108;140.1400871264358;55.3140621971857;1106.281243943714;-0.08986989927254152;6.94541026819725;1.836879693486223;385535.1281198462;5196750.608161024;0;;;;;;;;;;;;;;;;;;;;;;;;;;;;;;;;;;;;;;;;;;;;;;;;;;;;;;;;;;;;;;;;;;;;;;;;;;;;;
660;1786616208;0;626.2777777777782;7.505884444444444;46.906655;598.6025523480026;140.8009883333334;61.86056995622848;1237.21139912457;-0.06692524001542432;10.305681666666766;1.599437222222252;386212.1643150588;5195874.630356012;0;;;;;;;;;;;;;;;;;;;;;;;;;;;;;;;;;;;;;;;;;;;;;;;;;;;;;;;;;;;;;;;;;;;;;;;;;;;;;
680;1786616228;0;645.1962962962956;7.515937777777778;46.89790185185186;689.7456188070184;141.0946859259259;68.68875702752898;1373.77514055058;0.1312556185651875;4.900833703703406;0.6209465925926274;386959.3876317166;5194887.428892324;0;;;;;;;;;;;;;;;;;;;;;;;;;;;;;;;;;;;;;;;;;;;;;;;;;;;;;;;;;;;;;;;;;;;;;;;;;;;;;
700;1786616248;0;664.1814814814788;7.527218888888888;46.88824744444446;798.6142764566;140.8616712592594;68.3935365733208;1367.870731466416;0.02114534249339027;7.682028962961176;0.5012177037037774;387798.5168522375;5193798.420516342;0;;;;;;;;;;;;;;;;;;;;;;;;;;;;;;;;;;;;;;;;;;;;;;;;;;;;;;;;;;;;;;;;;;;;;;;;;;;;;
720;1786616268;0;683.1333333333274;7.538589999999996;46.878712;927.7963657903576;141.0904799999994;67.56623594597932;1351.324718919586;-0.1800047652025516;6.72482799999837;0.743199333334886;388645.0619516188;5192722.628400016;0;;;;;;;;;;;;;;;;;;;;;;;;;;;;;;;;;;;;;;;;;;;;;;;;;;;;;;;;;;;;;;;;;;;;;;;;;;;;;
740;1786616288;0;702.0881226053614;7.549721992337164;46.86923681992338;1068.49788224559;141.2942226436782;66.50797307127288;1330.159461425458;0.1796515526618123;7.248191034482714;-0.07105996168581612;389473.8182471368;5191653.996181666;0;;;;;;;;;;;;;;;;;;;;;;;;;;;;;;;;;;;;;;;;;;;;;;;;;;;;;;;;;;;;;;;;;;;;;;;;;;;;;
760;1786616308;0;721.1072796934812;7.560691149425284;46.8599174329502;1209.537249178442;141.2906999616858;65.82730637231772;1316.546127446355;-0.1976640945996496;7.5018171647509;-0.06288099616858544;390290.7822890364;5190603.024804032;0;;;;;;;;;;;;;;;;;;;;;;;;;;;;;;;;;;;;;;;;;;;;;;;;;;;;;;;;;;;;;;;;;;;;;;;;;;;;;
780;1786616328;0;740.0919540229862;7.571532413793102;46.85068586206896;1350.787942651568;141.2841024137931;65.50810737316162;1310.162147463232;0.09916108653547804;7.666781724137914;-0.05052091954023196;391098.466542782;5189562.106855632;0;;;;;;;;;;;;;;;;;;;;;;;;;;;;;;;;;;;;;;;;;;;;;;;;;;;;;;;;;;;;;;;;;;;;;;;;;;;;;
800;1786616348;0;759.0793650793666;7.582324444444446;46.84150190476192;1492.187253436582;141.2796017460318;65.4865406137761;1309.730812275522;-0.08031690902335494;7.774596349206356;-0.03954269841269771;391902.7787896464;5188526.662658162;0;;;;;;;;;;;;;;;;;;;;;;;;;;;;;;;;;;;;;;;;;;;;;;;;;;;;;;;;;;;;;;;;;;;;;;;;;;;;;
820;1786616368;0;777.9925925925912;7.593115777777778;46.83232355555556;1633.936157402656;141.2767515555555;65.60296516894378;1312.059303378876;-0.11831427216381218;7.846686740740736;-0.03183266666666721;392707.3326414521;5187491.956655826;0;;;;;;;;;;;;;;;;;;;;;;;;;;;;;;;;;;;;;;;;;;;;;;;;;;;;;;;;;;;;;;;;;;;;;;;;;;;;;
840;1786616388;0;797.011494252869;7.603916436781606;46.82312448275862;1775.928406339828;141.2754805747126;65.60656550893676;1312.131310178735;0.0001410070236671585;7.895654022988496;-0.02593781609195491;393512.8402852161;5186455.04926605;0;;;;;;;;;;;;;;;;;;;;;;;;;;;;;;;;;;;;;;;;;;;;;;;;;;;;;;;;;;;;;;;;;;;;;;;;;;;;;
860;1786616408;0;816.029629629629;7.61471688888889;46.8139254814815;1917.742913695106;141.2759102962963;65.69809901042484;1313.961980208497;-0.1088197585634207;7.930035925925926;-0.02288703703703711;394318.6164906401;5185418.264382582;0;;;;;;;;;;;;;;;;;;;;;;;;;;;;;;;;;;;;;;;;;;;;;;;;;;;;;;;;;;;;;;;;;;;;;;;;;;;;;
880;1786616428;0;835.0153256705012;7.625528735632186;46.80471264367818;2059.493434401953;141.2771012260537;66.0764686122252;1321.529372244504;0.11668318183514484;7.955177318007666;-0.02119892720306494;395125.5193314644;5184380.041047676;0;;;;;;;;;;;;;;;;;;;;;;;;;;;;;;;;;;;;;;;;;;;;;;;;;;;;;;;;;;;;;;;;;;;;;;;;;;;;;
900;1786616448;0;854.068965517235;7.636399999999998;46.79544620689656;2201.580089907262;141.2783127586207;68.48732781001058;1369.746556200212;0.09652093176565684;7.974704137931028;-0.01971448275862121;395937.1380262872;5183335.89763992;0;;;;;;;;;;;;;;;;;;;;;;;;;;;;;;;;;;;;;;;;;;;;;;;;;;;;;;;;;;;;;;;;;;;;;;;;;;;;;
920;1786616468;0;873.0191570881196;7.647662260536396;46.78583965517242;2279.315330732779;141.375938045977;76.3390299632982;1526.780599265964;0.191265315073921;1.737356628352773;-0.1180205747126049;396778.2379721861;5182253.562817234;0;;;;;;;;;;;;;;;;;;;;;;;;;;;;;;;;;;;;;;;;;;;;;;;;;;;;;;;;;;;;;;;;;;;;;;;;;;;;;
940;1786616488;0;892.0383141762394;7.660206053639844;46.77512777777778;2285.420934595403;141.4138401149425;80.3366114171449;1606.732228342898;0.010421220881985334;0.5089509578546458;-0.1563127969349165;397715.3875517146;5181046.86021668;0;;;;;;;;;;;;;;;;;;;;;;;;;;;;;;;;;;;;;;;;;;;;;;;;;;;;;;;;;;;;;;;;;;;;;;;;;;;;;
960;1786616508;0;911.0574712643656;7.672515057471264;46.76339264367816;2284.345431527726;147.1646508045979;82.01015197556648;1640.20303951133;0.005054419820622434;0.2731077011493768;-0.6613374712647516;398633.0733795149;5179726.910224582;0;;;;;;;;;;;;;;;;;;;;;;;;;;;;;;;;;;;;;;;;;;;;;;;;;;;;;;;;;;;;;;;;;;;;;;;;;;;;;
980;1786616528;0;930.0436507936522;7.684197500000002;46.75100206349206;2283.680659681809;146.6632023412686;82.81443658402986;1656.288731680597;0.2574739893762772;0.2289892857142269;-6.183911666668726;399502.0994256371;5178335.076585054;0;;;;;;;;;;;;;;;;;;;;;;;;;;;;;;;;;;;;;;;;;;;;;;;;;;;;;;;;;;;;;;;;;;;;;;;;;;;;;
1000;1786616548;0;949.1259259259244;7.697500666666666;46.73922192592592;2283.5495392672;141.646911925926;83.1123304975694;1662.246609951388;-0.009613447835669602;0.2064637777777938;-0.6975205925926298;400496.4770415151;5177009.158379244;0;;;;;;;;;;;;;;;;;;;;;;;;;;;;;;;;;;;;;;;;;;;;;;;;;;;;;;;;;;;;;;;;;;;;;;;;;;;;;
1020;1786616568;0;968.111111111108;7.711129999999998;46.72755111111112;2283.374887309334;141.4358966666667;83.3618563685394;1667.237127370788;-0.07057008188682928;0.1759011111111157;-0.2706944444444609;401516.4234998874;5175695.153380792;0;;;;;;;;;;;;;;;;;;;;;;;;;;;;;;;;;;;;;;;;;;;;;;;;;;;;;;;;;;;;;;;;;;;;;;;;;;;;;
1040;1786616588;0;987.0996168582364;7.724802720306514;46.7158482375479;2283.268424896828;141.4307309961686;83.57482276374152;1671.496455274831;-0.01952567939492646;0.1638411494252878;-0.2493011111111115;402540.0820367757;5174377.714468978;0;;;;;;;;;;;;;;;;;;;;;;;;;;;;;;;;;;;;;;;;;;;;;;;;;;;;;;;;;;;;;;;;;;;;;;;;;;;;;
1060;1786616608;0;1006.0842911877356;7.738511532567048;46.70411773946362;2283.201966596782;141.4331877011494;83.63667807533886;1672.733561506777;0.0708267180561501;0.1587465134099623;-0.2492042145593868;403566.9067948042;5173057.345068172;0;;;;;;;;;;;;;;;;;;;;;;;;;;;;;;;;;;;;;;;;;;;;;;;;;;;;;;;;;;;;;;;;;;;;;;;;;;;;;
1080;1786616628;0;1025.103448275862;7.752224482758622;46.69237689655172;2283.156006844139;141.4358286206897;83.7220133965281;1674.440267930562;0.003214171380508614;0.156398275862069;-0.2492941379310345;404594.4883162159;5171736.005484074;0;;;;;;;;;;;;;;;;;;;;;;;;;;;;;;;;;;;;;;;;;;;;;;;;;;;;;;;;;;;;;;;;;;;;;;;;;;;;;
1100;1786616648;0;1044.122605363983;7.765948275862068;46.68062398467434;2283.133889610207;141.4386208429119;83.48411934784208;1669.682386956842;0.0001852837201498057;0.1556212260536399;-0.2493247126436779;405623.3370325754;5170413.496280654;0;;;;;;;;;;;;;;;;;;;;;;;;;;;;;;;;;;;;;;;;;;;;;;;;;;;;;;;;;;;;;;;;;;;;;;;;;;;;;
1120;1786616668;0;1063.107279693481;7.779628314176242;46.66890348659006;2283.053605488737;141.4394767816092;83.50357761410926;1670.071552282185;0.1460520819488463;0.1677114559386963;-0.2496448659003883;406649.3542859618;5169094.82548078;0;;;;;;;;;;;;;;;;;;;;;;;;;;;;;;;;;;;;;;;;;;;;;;;;;;;;;;;;;;;;;;;;;;;;;;;;;;;;;
1140;1786616688;0;1082.126436781607;7.793311034482758;46.6571816091954;2283.055864383724;141.4421102298851;83.26261191738156;1665.252238347631;0.02326663130133911;0.17962540229885;-0.2464473563218393;407676.0312134829;5167776.181897462;0;;;;;;;;;;;;;;;;;;;;;;;;;;;;;;;;;;;;;;;;;;;;;;;;;;;;;;;;;;;;;;;;;;;;;;;;;;;;;
1160;1786616708;0;1101.111111111112;7.80694888888889;46.64549222222224;2283.065605394667;141.4447711111111;80.78486382881996;1615.697276576399;0.010463948844546706;0.1834322222222191;-0.2378544444444128;408699.7861918824;5166461.384284044;0;;;;;;;;;;;;;;;;;;;;;;;;;;;;;;;;;;;;;;;;;;;;;;;;;;;;;;;;;;;;;;;;;;;;;;;;;;;;;
1180;1786616728;0;1120.130268199232;7.820187279693486;46.63415574712644;2280.819107813335;141.3416918007663;73.27585499100512;1465.517099820103;-0.02416088046365413;0.6954088122604218;-0.08634521072794166;409694.0062503881;5165186.44174032;0;;;;;;;;;;;;;;;;;;;;;;;;;;;;;;;;;;;;;;;;;;;;;;;;;;;;;;;;;;;;;;;;;;;;;;;;;;;;;
1200;1786616748;0;1139.114942528738;7.832182068965518;46.6238671264368;2313.19652816138;141.4699403448276;56.7344626310188;1134.689252620376;0.03232283576059436;-1.667075862074202;-0.2307018390804814;410595.1709712344;5164029.516347732;0;;;;;;;;;;;;;;;;;;;;;;;;;;;;;;;;;;;;;;;;;;;;;;;;;;;;;;;;;;;;;;;;;;;;;;;;;;;;;
1220;1786616768;0;1158.030651340995;7.841463180076628;46.61589865900384;2342.106685365516;140.8172537164751;47.07354842310694;941.4709684621386;-0.1292529267297507;5.135296590037882;0.364961685823717;411292.6866148879;5163133.592336804;0;;;;;;;;;;;;;;;;;;;;;;;;;;;;;;;;;;;;;;;;;;;;;;;;;;;;;;;;;;;;;;;;;;;;;;;;;;;;;
1240;1786616788;0;1176.980842911874;7.849162145593868;46.60928670498086;2349.378709557979;140.7681591954026;47.4680399997497;949.3607999949938;0.00010171796563491146;3.112751149426069;0.2813936781616584;411871.4538375073;5162390.25273495;0;;;;;;;;;;;;;;;;;;;;;;;;;;;;;;;;;;;;;;;;;;;;;;;;;;;;;;;;;;;;;;;;;;;;;;;;;;;;;
1260;1786616808;0;1195.965517241379;7.856965862068966;46.60264206896552;2339.216104475586;139.2597037931034;45.43778650464052;908.7557300928102;0.134803538601899;3.590460689655177;1.127447241379308;412458.3357331493;5161643.22347724;0;;;;;;;;;;;;;;;;;;;;;;;;;;;;;;;;;;;;;;;;;;;;;;;;;;;;;;;;;;;;;;;;;;;;;;;;;;;;;
1280;1786616828;0;1214.915708812257;7.865265325670498;46.59678770114944;2347.045528912;115.41035720306486;46.00985254106408;920.1970508212816;-0.07326917723103974;4.052005938698605;-2.057286513417852;413084.6009916965;5160983.519921698;0;;;;;;;;;;;;;;;;;;;;;;;;;;;;;;;;;;;;;;;;;;;;;;;;;;;;;;;;;;;;;;;;;;;;;;;;;;;;;
1300;1786616848;0;1233.934865900384;7.875305478927204;46.5922175862069;2362.460294680551;123.96015620689692;56.72868800551468;1134.573760110294;-0.8002923358116858;1.174384367814811;13.47508398467753;413846.38166383;5160464.68315597;0;;;;;;;;;;;;;;;;;;;;;;;;;;;;;;;;;;;;;;;;;;;;;;;;;;;;;;;;;;;;;;;;;;;;;;;;;;;;;
1320;1786616868;0;1252.954022988503;7.884935632183908;46.5844516091954;2273.022278782342;142.3019419540233;59.64698910445892;1192.939782089178;0.01937608352352211;1.897509999996282;-1.223748735632352;414571.8623103642;5159591.27342613;0;;;;;;;;;;;;;;;;;;;;;;;;;;;;;;;;;;;;;;;;;;;;;;;;;;;;;;;;;;;;;;;;;;;;;;;;;;;;;
1340;1786616888;0;1271.973180076623;7.894626590038312;46.57604153256706;2281.692372075403;141.1430261685824;57.57435634868904;1151.487126973781;0.0006234179905956218;-0.015260038314432468;0.2053961302681796;415301.2115222371;5158646.31892198;0;;;;;;;;;;;;;;;;;;;;;;;;;;;;;;;;;;;;;;;;;;;;;;;;;;;;;;;;;;;;;;;;;;;;;;;;;;;;;
1360;1786616908;0;1290.923371647508;7.90388398467433;46.56787218390804;2284.925590895722;141.0358318390874;54.68373671326422;1093.674734265284;0.4880686042865644;1.605593141763904;-14.129031379310952;415997.9375277295;5157728.667179994;2;;;;;;;;;;;;;;;;;;;;;;;;;;;;;;;;;;;;;;;;;;;;;;;;;;;;;;;;;;;;;;;;;;;;;;;;;;;;;
1380;1786616928;0;1309.977011494248;7.916812298850572;46.56366091954024;2282.737524782353;94.4383691954106;55.56204378515288;1111.240875703057;0.2361825566028327;-0.9753780459776228;-10.819534252874788;416982.2820181436;5157247.039912366;2;;;;;;;;;;;;;;;;;;;;;;;;;;;;;;;;;;;;;;;;;;;;;;;;;;;;;;;;;;;;;;;;;;;;;;;;;;;;;
1400;1786616948;0;1328.929629629629;7.931159333333334;46.56526451851852;2281.241035442935;65.16355888889078;55.85482509911198;1117.09650198224;0.3595708931694785;0.6194707037036582;-8.278230185189834;418084.2752314795;5157410.230189078;2;;;;;;;;;;;;;;;;;;;;;;;;;;;;;;;;;;;;;;;;;;;;;;;;;;;;;;;;;;;;;;;;;;;;;;;;;;;;;
1420;1786616968;0;1347.946360153253;7.94355620689655;46.57058337164752;2282.635535514207;54.67219777777882;55.76999579045142;1115.399915809029;0.0896900224092268;0.6067749808428916;-1.463888927204346;419042.2777287209;5157988.447819928;2;;;;;;;;;;;;;;;;;;;;;;;;;;;;;;;;;;;;;;;;;;;;;;;;;;;;;;;;;;;;;;;;;;;;;;;;;;;;;
1440;1786616988;0;1366.9;7.955268;46.576567;2283.0276641616;53.49302100000002;55.93381513668314;1118.676302733663;-0.3043596825633568;0.525082000000001;-0.1714760000000042;419948.5798273399;5158641.37850828;2;;;;;;;;;;;;;;;;;;;;;;;;;;;;;;;;;;;;;;;;;;;;;;;;;;;;;;;;;;;;;;;;;;;;;;;;;;;;;
1460;1786617008;0;1385.851851851848;7.966978148148146;46.5826025925926;2283.056647774223;53.4497437037037;56.01656882337106;1120.331376467421;0.0001267960068615878;0.5000470370370398;-0.1296485185185194;420854.6351046973;5159300.219183378;2;;;;;;;;;;;;;;;;;;;;;;;;;;;;;;;;;;;;;;;;;;;;;;;;;;;;;;;;;;;;;;;;;;;;;;;;;;;;;
1480;1786617028;0;1404.831417624516;7.978697164750956;46.58865605363984;2283.062434493701;53.45081134099618;56.06018224943146;1121.203644988629;-0.1362592779837685;0.4910104980842834;-0.1282433716475097;421761.1973572099;5159961.170736608;2;;;;;;;;;;;;;;;;;;;;;;;;;;;;;;;;;;;;;;;;;;;;;;;;;;;;;;;;;;;;;;;;;;;;;;;;;;;;;
1500;1786617048;0;1423.850574712641;7.990428850574712;46.59471218390804;2283.061173369105;53.45384057471264;55.90367772609962;1118.073554521992;-0.1415716975722838;0.4859619540229888;-0.1285114942528736;422668.5349594518;5160622.54084681;2;;;;;;;;;;;;;;;;;;;;;;;;;;;;;;;;;;;;;;;;;;;;;;;;;;;;;;;;;;;;;;;;;;;;;;;;;;;;;
1520;1786617068;0;1442.807407407402;8.001957925925924;46.6009048888889;2281.09967740996;42.32098400001827;53.61719451940342;1072.343890388068;0.7466011966878106;0.4835283703691054;-18.60321474073824;423560.3476059124;5161299.417895846;2;;;;;;;;;;;;;;;;;;;;;;;;;;;;;;;;;;;;;;;;;;;;;;;;;;;;;;;;;;;;;;;;;;;;;;;;;;;;;
1540;1786617088;0;1461.854406130267;8.00459348659004;46.61037720306514;2281.66355610823;341.5240337164803;53.34093825437164;1066.818765087433;0.5727018748008144;0.991040114942528;-16.66449942528736;423775.4918106373;5162349.408595738;2;;;;;;;;;;;;;;;;;;;;;;;;;;;;;;;;;;;;;;;;;;;;;;;;;;;;;;;;;;;;;;;;;;;;;;;;;;;;;
1560;1786617108;0;1480.844444444445;7.994206666666666;46.61679133333334;2281.8409777872;282.8672191111083;54.30946882853962;1086.189376570792;0.504136357558849;1.0073722222222226;-16.63789222222222;422989.2059180006;5163072.228401594;2;;;;;;;;;;;;;;;;;;;;;;;;;;;;;;;;;;;;;;;;;;;;;;;;;;;;;;;;;;;;;;;;;;;;;;;;;;;;;
1580;1786617128;0;1499.789272030649;7.980325402298854;46.61466846743296;2284.184033201104;243.8959673563222;55.36722255943542;1107.344451188708;-0.0669040557843161;0.3890088505747669;-0.3732187739528782;421923.3109469962;5162849.994868418;2;;;;;;;;;;;;;;;;;;;;;;;;;;;;;;;;;;;;;;;;;;;;;;;;;;;;;;;;;;;;;;;;;;;;;;;;;;;;;
1600;1786617148;0;1518.80842911877;7.966727931034486;46.61121448275862;2283.507784920736;250.5171096934875;55.58793143478998;1111.7586286958;-0.03218855489484762;0.6093065517241174;0.12399969347715106;420877.125443933;5162479.752856704;2;;;;;;;;;;;;;;;;;;;;;;;;;;;;;;;;;;;;;;;;;;;;;;;;;;;;;;;;;;;;;;;;;;;;;;;;;;;;;
1620;1786617168;0;1537.766666666666;7.952975666666668;46.60794133333334;2282.555245396;245.9196996666673;55.78518411894898;1115.70368237898;0.0812697329633074;0.3620976666665307;-4.088273666668393;419819.2209209133;5162129.942297752;2;;;;;;;;;;;;;;;;;;;;;;;;;;;;;;;;;;;;;;;;;;;;;;;;;;;;;;;;;;;;;;;;;;;;;;;;;;;;;
1640;1786617188;0;1556.751851851854;7.94027137037037;46.6029918888889;2281.491134759289;232.5137026296287;56.02987162518144;1120.597432503629;-0.06711339355391344;0.2050915555552811;-3.249294259257417;418838.943789761;5161592.9706674;2;;;;;;;;;;;;;;;;;;;;;;;;;;;;;;;;;;;;;;;;;;;;;;;;;;;;;;;;;;;;;;;;;;;;;;;;;;;;;
1660;1786617208;0;1575.762452107275;7.928714904214562;46.59678601532568;2282.867860812506;233.2586551724137;55.87910219782356;1117.582043956471;-0.04487920808667576;0.5318629118774106;0.023936091954118;417944.5093555962;5160915.350257374;2;;;;;;;;;;;;;;;;;;;;;;;;;;;;;;;;;;;;;;;;;;;;;;;;;;;;;;;;;;;;;;;;;;;;;;;;;;;;;
1680;1786617228;0;1594.72222222222;7.917032222222224;46.5907388888889;2283.044967725334;233.4263716666667;55.9968011059675;1119.93602211935;-0.0001266207896058197;0.5001061111111138;-0.11802944444444186;417040.4475411376;5160255.632940796;2;;;;;;;;;;;;;;;;;;;;;;;;;;;;;;;;;;;;;;;;;;;;;;;;;;;;;;;;;;;;;;;;;;;;;;;;;;;;;
1700;1786617248;0;1613.697318007658;7.905317662835254;46.58468685823756;2283.03683714446;233.4307990804598;54.09923296234482;1081.984659246896;-0.02857286725860536;0.485568314176248;-0.1249245977011486;416133.7379632889;5159595.53815344;2;;;;;;;;;;;;;;;;;;;;;;;;;;;;;;;;;;;;;;;;;;;;;;;;;;;;;;;;;;;;;;;;;;;;;;;;;;;;;
1720;1786617268;0;1632.725925925923;7.897050148148148;46.576788;2281.402574058134;187.461861185196;53.50861240436818;1070.172248087364;0.7300425986701018;0.9587516296295778;-16.74260577777791;415488.0742403759;5158726.664639172;2;;;;;;;;;;;;;;;;;;;;;;;;;;;;;;;;;;;;;;;;;;;;;;;;;;;;;;;;;;;;;;;;;;;;;;;;;;;;;
1740;1786617288;0;1651.735632183908;7.902314022988506;46.56786988505748;2281.610698416276;128.9348554022977;53.26772339693844;1065.354467938769;0.7513430697625472;1.0066325287356316;-16.65737551724138;415877.6190438564;5157730.08465505;2;;;;;;;;;;;;;;;;;;;;;;;;;;;;;;;;;;;;;;;;;;;;;;;;;;;;;;;;;;;;;;;;;;;;;;;;;;;;;
1760;1786617308;0;1670.720306513407;7.916068620689654;46.56632965517242;2281.71277489692;70.24340394636828;55.48527579217302;1109.70551584346;0.6450734539731786;1.0092986973179982;-16.31637509578659;416929.3595609029;5157544.364200822;2;;;;;;;;;;;;;;;;;;;;;;;;;;;;;;;;;;;;;;;;;;;;;;;;;;;;;;;;;;;;;;;;;;;;;;;;;;;;;
1780;1786617328;0;1689.748148148144;7.928418814814814;46.57157444444444;2283.523524835556;56.43746192592556;55.96907015183642;1119.381403036728;-0.09307470181125374;0.4948275555552616;-0.7506378518544832;417883.7675594015;5158114.218869646;2;;;;;;;;;;;;;;;;;;;;;;;;;;;;;;;;;;;;;;;;;;;;;;;;;;;;;;;;;;;;;;;;;;;;;;;;;;;;;
1800;1786617348;0;1708.758620689655;7.94057551724138;46.5771875862069;2283.439283339588;56.44546241379308;56.28771046156634;1125.754209231327;-0.2073632160126444;0.4154972413793166;0.08747000000001528;418823.7177658043;5158725.351891606;2;;;;;;;;;;;;;;;;;;;;;;;;;;;;;;;;;;;;;;;;;;;;;;;;;;;;;;;;;;;;;;;;;;;;;;;;;;;;;
1820;1786617368;0;1727.751851851849;7.952366148148146;46.58325562962964;2283.040489976266;52.01692133333224;59.10144294062996;1182.028858812599;0.01951503047163656;0.4209141111113297;1.530512481482231;419736.1016319596;5159387.549248944;2;;;;;;;;;;;;;;;;;;;;;;;;;;;;;;;;;;;;;;;;;;;;;;;;;;;;;;;;;;;;;;;;;;;;;;;;;;;;;
1840;1786617388;0;1746.762452107279;7.964670842911876;46.58969685823756;2285.735326417839;53.45921084291188;62.12109279271516;1242.421855854303;-0.1290854429493223;-0.9120270114942018;-0.1275744827586051;420688.2094461308;5160090.832892068;2;;;;;;;;;;;;;;;;;;;;;;;;;;;;;;;;;;;;;;;;;;;;;;;;;;;;;;;;;;;;;;;;;;;;;;;;;;;;;
1860;1786617408;0;1765.747126436777;7.977678045977008;46.59640149425288;2283.44651533269;53.49139666666666;62.18735353148016;1243.747070629603;0.02136809371298804;-0.9309288505747336;-0.1934570114942522;421694.2837814382;5160822.836038782;2;;;;;;;;;;;;;;;;;;;;;;;;;;;;;;;;;;;;;;;;;;;;;;;;;;;;;;;;;;;;;;;;;;;;;;;;;;;;;
1880;1786617428;0;1784.731800766283;7.990697624521072;46.6031161302682;2283.062507155219;53.4938824521073;60.61428925886238;1212.285785177248;0.03662149722980521;-0.8788927969348668;-0.1930687739463602;422701.0756006575;5161556.103780218;2;;;;;;;;;;;;;;;;;;;;;;;;;;;;;;;;;;;;;;;;;;;;;;;;;;;;;;;;;;;;;;;;;;;;;;;;;;;;;
1900;1786617448;0;1803.750957854405;8.00111521072797;46.61134053639848;2280.77056278446;15.226549578548482;59.5148453161013;1190.296906322026;0.652333222339132;-0.3426180076627331;-18.65581210727992;423510.4961754735;5162459.821051118;2;;;;;;;;;;;;;;;;;;;;;;;;;;;;;;;;;;;;;;;;;;;;;;;;;;;;;;;;;;;;;;;;;;;;;;;;;;;;;
1920;1786617468;0;1822.770114942524;7.997153333333336;46.62169344827586;2280.989972095173;316.7295468965657;59.27888031344886;1185.577606268977;0.5372031871392914;-0.3375034482758602;-18.3588275862069;423221.7529010192;5163614.067120648;2;;;;;;;;;;;;;;;;;;;;;;;;;;;;;;;;;;;;;;;;;;;;;;;;;;;;;;;;;;;;;;;;;;;;;;;;;;;;;
1940;1786617488;0;1841.789272030651;7.98229490421456;46.62478318007664;2281.057855703081;258.2992810727991;61.31037474631786;1226.207494926357;0.7059363986216406;-0.335664214559387;-18.34867111111111;422088.6264950559;5163971.97263586;2;;;;;;;;;;;;;;;;;;;;;;;;;;;;;;;;;;;;;;;;;;;;;;;;;;;;;;;;;;;;;;;;;;;;;;;;;;;;;
1960;1786617508;0;1860.808429118776;7.968410268199234;46.61924513409962;2283.307201202483;234.2806890038312;61.93877662208082;1238.775532441617;-0.0674176097273223;-0.8120711877394836;-0.9787625670496196;421017.6273883804;5163370.414679564;2;;;;;;;;;;;;;;;;;;;;;;;;;;;;;;;;;;;;;;;;;;;;;;;;;;;;;;;;;;;;;;;;;;;;;;;;;;;;;
1980;1786617528;0;1879.793103448275;7.955400689655174;46.61259241379312;2283.173076695173;233.5136189655173;61.93027921190174;1238.605584238035;-0.0001402463427654682;-0.8496644827586198;-0.218543448275868;420011.7752862658;5162644.296484336;2;;;;;;;;;;;;;;;;;;;;;;;;;;;;;;;;;;;;;;;;;;;;;;;;;;;;;;;;;;;;;;;;;;;;;;;;;;;;;
2000;1786617548;0;1898.751851851849;7.942431222222224;46.60590685185186;2283.097363025956;233.4808467037037;62.0095488388733;1240.190976777466;0.10052373716067924;-0.8573402222222218;-0.1894470000000008;419008.703291028;5161914.65340497;2;;;;;;;;;;;;;;;;;;;;;;;;;;;;;;;;;;;;;;;;;;;;;;;;;;;;;;;;;;;;;;;;;;;;;;;;;;;;;
2020;1786617568;0;1917.727969348658;7.929454980842912;46.59920521072798;2283.056625893242;233.4765772030651;62.07490654266244;1241.498130853249;0.05690025120127114;-0.8599300766283524;-0.1884482375478926;418004.8450912733;5161183.395290842;2;;;;;;;;;;;;;;;;;;;;;;;;;;;;;;;;;;;;;;;;;;;;;;;;;;;;;;;;;;;;;;;;;;;;;;;;;;;;;
2040;1786617588;0;1936.747126436779;7.916464482758624;46.59249850574714;2283.029913256277;233.4729901149426;62.05971722887416;1241.194344577483;0.01971699407663184;-0.8610349425287356;-0.1880724137931034;416999.6432935802;5160451.7542835;2;;;;;;;;;;;;;;;;;;;;;;;;;;;;;;;;;;;;;;;;;;;;;;;;;;;;;;;;;;;;;;;;;;;;;;;;;;;;;
2060;1786617608;0;1955.740740740737;7.903478888888892;46.58579333333334;2283.010611233778;233.4701981481482;61.4058587536782;1228.117175073564;-0.03778595634387928;-0.862017037037037;-0.1886725925925927;415994.5753660206;5159720.443501266;2;;;;;;;;;;;;;;;;;;;;;;;;;;;;;;;;;;;;;;;;;;;;;;;;;;;;;;;;;;;;;;;;;;;;;;;;;;;;;
2080;1786617628;0;1974.750957854405;7.891752145593872;46.57824199233718;2279.893337500414;205.6990244444492;59.75439328690156;1195.087865738031;0.7591005013039704;-0.01619961685817422;-19.42647727969397;415084.3952091617;5158893.917969816;2;;;;;;;;;;;;;;;;;;;;;;;;;;;;;;;;;;;;;;;;;;;;;;;;;;;;;;;;;;;;;;;;;;;;;;;;;;;;;
2100;1786617648;0;1993.666666666662;7.892596666666664;46.56751000000002;2281.158572039998;149.7755000000064;61.20489459915392;1224.097891983078;0.2341164198327524;0.0563399999989336;-6.89152666669484;415132.3622672732;5157700.503081958;2;;;;;;;;;;;;;;;;;;;;;;;;;;;;;;;;;;;;;;;;;;;;;;;;;;;;;;;;;;;;;;;;;;;;;;;;;;;;;
2120;1786617668;0;2012.582375478924;7.898279003831418;46.55721804597702;2284.018645603035;168.3304999233673;61.86771029736698;1237.354205947339;-0.2426138187746919;-0.956185402298657;6.836132911867038;415551.8649564971;5156550.79744694;2;;;;;;;;;;;;;;;;;;;;;;;;;;;;;;;;;;;;;;;;;;;;;;;;;;;;;;;;;;;;;;;;;;;;;;;;;;;;;
2140;1786617688;0;2031.636015325667;7.898480038314176;46.54609111111112;2283.426085067494;187.4345915708804;61.90412252441946;1238.082450488389;-0.05127555586979894;-0.8694468582372938;2.658436398463113;415550.0154942681;5155314.195750258;2;;;;;;;;;;;;;;;;;;;;;;;;;;;;;;;;;;;;;;;;;;;;;;;;;;;;;;;;;;;;;;;;;;;;;;;;;;;;;
2160;1786617708;0;2050.6;7.894324;46.53533;2281.687913932801;204.4102779999995;61.86144899041026;1237.228979808205;-0.3494600837954499;-0.7986560000000636;10.205386000000984;415214.6361348616;5154122.916320544;2;;;;;;;;;;;;;;;;;;;;;;;;;;;;;;;;;;;;;;;;;;;;;;;;;;;;;;;;;;;;;;;;;;;;;;;;;;;;;
2180;1786617728;0;2069.639846743292;7.885374482758624;46.52606206896552;2283.876489545655;218.5509849425282;60.9449252792198;1218.898505584396;-0.05364154889849544;-0.7132003831409134;2.670890344826413;414513.8330833081;5153102.751811304;2;;;;;;;;;;;;;;;;;;;;;;;;;;;;;;;;;;;;;;;;;;;;;;;;;;;;;;;;;;;;;;;;;;;;;;;;;;;;;
2200;1786617748;0;2088.624521072798;7.875271455938698;46.51758647509578;2310.273583152002;209.943697701148;52.48479924034526;1049.695984806905;0.4608944886893392;2.544068007663043;-9.069880766284634;413725.5701962664;5152171.968056334;2;;;;;;;;;;;;;;;;;;;;;;;;;;;;;;;;;;;;;;;;;;;;;;;;;;;;;;;;;;;;;;;;;;;;;;;;;;;;;
2220;1786617768;0;2107.643678160917;7.876206206896552;46.50816827586208;2335.056397871173;127.9982234482894;51.3498410988856;1026.996821977712;1.321442034621824;-0.1381503448270345;-30.437416666666;413782.3774581341;5151124.436612888;2;;;;;;;;;;;;;;;;;;;;;;;;;;;;;;;;;;;;;;;;;;;;;;;;;;;;;;;;;;;;;;;;;;;;;;;;;;;;;
2240;1786617788;0;2126.62835249042;7.889157892720306;46.51058647509578;2336.071503008735;35.30576344827793;60.12217951911832;1202.443590382366;0.3756526310264671;-0.05207015325675608;-6.272709003833118;414779.8060270038;5151379.077290614;2;;;;;;;;;;;;;;;;;;;;;;;;;;;;;;;;;;;;;;;;;;;;;;;;;;;;;;;;;;;;;;;;;;;;;;;;;;;;;
2260;1786617808;0;2145.613026819921;7.896183256704982;46.52025942528736;2326.446085294073;14.454932068968312;64.4633465040673;1289.266930081346;0.2392663780372884;-2.726763601532366;-3.979721072800858;415333.791455838;5152446.337507046;2;;;;;;;;;;;;;;;;;;;;;;;;;;;;;;;;;;;;;;;;;;;;;;;;;;;;;;;;;;;;;;;;;;;;;;;;;;;;;
2280;1786617828;0;2164.597701149421;7.899899655172414;46.53156862068966;2287.1285532858;8.562360344824096;64.13386852325286;1282.677370465057;-0.06220030648160302;-2.15533701149653;4.669617126415544;415636.360466564;5153698.992115648;2;;;;;;;;;;;;;;;;;;;;;;;;;;;;;;;;;;;;;;;;;;;;;;;;;;;;;;;;;;;;;;;;;;;;;;;;;;;;;
2300;1786617848;0;2183.582375478923;7.904454712643678;46.54267030651342;2282.086831225931;19.82766076629042;62.77682348848838;1255.536469769768;0.30071134532152;-1.086815478926999;-7.858151839074856;416002.7950053343;5154927.712089088;2;;;;;;;;;;;;;;;;;;;;;;;;;;;;;;;;;;;;;;;;;;;;;;;;;;;;;;;;;;;;;;;;;;;;;;;;;;;;;
2320;1786617868;0;2202.648148148144;7.910229814814814;46.55324;2282.043999558222;24.93432629629385;61.65293369356554;1233.058673871311;-0.2102991344560383;-0.7848122222217868;7.422256111086082;416461.7970626465;5156096.049217454;2;;;;;;;;;;;;;;;;;;;;;;;;;;;;;;;;;;;;;;;;;;;;;;;;;;;;;;;;;;;;;;;;;;;;;;;;;;;;;
2340;1786617888;0;2221.633333333331;7.920414333333332;46.561838;2282.396131160001;51.51706633333162;62.0590032828446;1241.180065656892;-0.07801303093243222;-0.8523803333335974;2.582170666677048;417255.5757783514;5157040.699057418;2;;;;;;;;;;;;;;;;;;;;;;;;;;;;;;;;;;;;;;;;;;;;;;;;;;;;;;;;;;;;;;;;;;;;;;;;;;;;;
2360;1786617908;0;2240.639846743296;7.933193103448278;46.56872314176246;2282.762806949702;49.16990666666624;61.98158716063618;1239.631743212724;-0.008649199235808924;-0.8783767816091588;-2.45967130268191;418245.3387787643;5157792.432055336;2;;;;;;;;;;;;;;;;;;;;;;;;;;;;;;;;;;;;;;;;;;;;;;;;;;;;;;;;;;;;;;;;;;;;;;;;;;;;;
2380;1786617928;0;2259.590038314174;7.946066628352488;46.5755029118774;2283.014952387679;58.9311437547875;62.06527031809064;1241.305406361813;-0.04897643385940716;-0.9049586590039342;0.5512600383244142;419241.9593995078;5158532.519371208;2;;;;;;;;;;;;;;;;;;;;;;;;;;;;;;;;;;;;;;;;;;;;;;;;;;;;;;;;;;;;;;;;;;;;;;;;;;;;;
2400;1786617948;0;2278.574712643676;7.959536551724136;46.58173965517242;2282.895594447724;54.88847770115032;62.07957695837548;1241.59153916751;0.10545206108841308;-0.8769677011494752;-2.181482643679236;420283.2327353461;5159211.826292922;2;;;;;;;;;;;;;;;;;;;;;;;;;;;;;;;;;;;;;;;;;;;;;;;;;;;;;;;;;;;;;;;;;;;;;;;;;;;;;
2420;1786617968;0;2297.628352490418;7.972587279693484;46.58838992337166;2283.055105022989;53.54360900383146;62.1105760620764;1242.211521241528;0.0001401826053620176;-0.8979958620689634;-0.250022758620725;421292.7556642648;5159937.678632078;2;;;;;;;;;;;;;;;;;;;;;;;;;;;;;;;;;;;;;;;;;;;;;;;;;;;;;;;;;;;;;;;;;;;;;;;;;;;;;
2440;1786617988;0;2316.613026819922;7.985590727969348;46.59509455938698;2283.097873075863;53.5007316091954;62.29828202842544;1245.965640568509;0.06084250882950926;-0.9175083141762642;-0.2027944827586213;422298.4914732074;5160669.78541965;2;;;;;;;;;;;;;;;;;;;;;;;;;;;;;;;;;;;;;;;;;;;;;;;;;;;;;;;;;;;;;;;;;;;;;;;;;;;;;
2460;1786618008;0;2335.632183908046;7.998626206896552;46.6018275862069;2283.074841126622;53.54522252873562;59.55613019487946;1191.122603897589;-0.10072727544040814;-0.8939245977011552;-1.84892471264308;423306.4760423128;5161405.181228398;2;;;;;;;;;;;;;;;;;;;;;;;;;;;;;;;;;;;;;;;;;;;;;;;;;;;;;;;;;;;;;;;;;;;;;;;;;;;;;
2480;1786618028;0;2354.616858237544;8.005851494252874;46.61132011494254;2280.712939024828;220.5892780063376;60.97681152715562;1219.536230543113;0.6218030136813542;-0.3497345593870043;-18.40142314176249;423873.1460406303;5162452.96738771;2;;;;;;;;;;;;;;;;;;;;;;;;;;;;;;;;;;;;;;;;;;;;;;;;;;;;;;;;;;;;;;;;;;;;;;;;;;;;;
2500;1786618048;0;2373.60153256705;7.999099233716476;46.62125873563218;2283.183115942989;324.8477815325671;62.00558834366974;1240.111766873395;0.0481397856600437;-0.8057480842911874;-1.383866704980835;423370.1174265276;5163563.869079906;2;;;;;;;;;;;;;;;;;;;;;;;;;;;;;;;;;;;;;;;;;;;;;;;;;;;;;;;;;;;;;;;;;;;;;;;;;;;;;
2520;1786618068;0;2392.586206896549;7.98945931034483;46.63023379310344;2283.102270604139;322.3373717241431;59.282390233418;1185.64780466836;0.2780302966367701;-0.9176855172410538;-11.346858965496612;422644.8670743738;5164570.577525682;2;;;;;;;;;;;;;;;;;;;;;;;;;;;;;;;;;;;;;;;;;;;;;;;;;;;;;;;;;;;;;;;;;;;;;;;;;;;;;
2540;1786618088;0;2411.605363984672;7.97502544061303;46.6341655172414;2280.899201510713;262.3735753639942;61.25709897835046;1225.141979567009;0.5877302646735052;-0.3518953256704719;-18.37929885057473;421545.6680196551;5165021.732287444;2;;;;;;;;;;;;;;;;;;;;;;;;;;;;;;;;;;;;;;;;;;;;;;;;;;;;;;;;;;;;;;;;;;;;;;;;;;;;;
2560;1786618108;0;2430.555555555553;7.960906666666668;46.62893111111112;2283.353454789333;234.4781244444449;61.80876345115288;1236.175269023057;0.009106673428430204;-0.8467577777777716;-1.132521111111396;420457.3162719709;5164454.247400004;2;;;;;;;;;;;;;;;;;;;;;;;;;;;;;;;;;;;;;;;;;;;;;;;;;;;;;;;;;;;;;;;;;;;;;;;;;;;;;
2580;1786618128;0;2449.574712643676;7.948379425287358;46.62189011494254;2284.265198393104;226.1490110344861;62.08736470440954;1241.747294088191;0.3070795713218998;-0.7976040229884842;-7.839958275860888;419487.9216231299;5163684.58543771;2;;;;;;;;;;;;;;;;;;;;;;;;;;;;;;;;;;;;;;;;;;;;;;;;;;;;;;;;;;;;;;;;;;;;;;;;;;;;;
2600;1786618148;0;2468.574074074071;7.937541111111114;46.61356611111112;2278.406045047117;230.2097546296227;62.20697928726408;1244.139585745282;-0.5083319143735916;-2.216472037038812;12.63011518519295;418645.6784058442;5162770.76788635;2;;;;;;;;;;;;;;;;;;;;;;;;;;;;;;;;;;;;;;;;;;;;;;;;;;;;;;;;;;;;;;;;;;;;;;;;;;;;;
2620;1786618168;0;2487.559259259258;7.924455296296298;46.60690425925926;2282.720891676622;233.5395773333334;61.95654972476184;1239.130994495237;-0.05513811110909988;-0.883466592592618;-0.203474296296236;417633.5820341184;5162044.10608383;2;;;;;;;;;;;;;;;;;;;;;;;;;;;;;;;;;;;;;;;;;;;;;;;;;;;;;;;;;;;;;;;;;;;;;;;;;;;;;
2640;1786618188;0;2506.528735632179;7.911511034482762;46.60018908045978;2282.631223890485;230.9912198850684;61.85000859729058;1237.000171945812;0.4283060501997668;-0.9812978160911152;-14.387311264347172;416632.000959461;5161311.53659739;2;;;;;;;;;;;;;;;;;;;;;;;;;;;;;;;;;;;;;;;;;;;;;;;;;;;;;;;;;;;;;;;;;;;;;;;;;;;;;
2660;1786618208;0;2525.547892720302;7.901812490421458;46.59128153256706;2283.071274861517;213.8868662068969;61.92282253064454;1238.456450612891;0.05541800909476474;-0.8512129501915116;-0.6597736781612222;415875.4041086372;5160332.053384542;2;;;;;;;;;;;;;;;;;;;;;;;;;;;;;;;;;;;;;;;;;;;;;;;;;;;;;;;;;;;;;;;;;;;;;;;;;;;;;
2680;1786618228;0;2544.532567049808;7.892945019157088;46.5819590421456;2283.040336295173;213.4866519157088;61.72702236499212;1234.540447299843;-0.05987510204626776;-0.873348007662835;-0.2059595019157072;415181.591514395;5159305.662144096;2;;;;;;;;;;;;;;;;;;;;;;;;;;;;;;;;;;;;;;;;;;;;;;;;;;;;;;;;;;;;;;;;;;;;;;;;;;;;;
2700;1786618248;0;2563.566666666667;7.884125;46.572658;2281.727219924801;213.485974;58.26821071184076;1165.364214236815;-0.0166366877782145;-0.7109353333333528;-0.1520466666666564;414491.2182254714;5158281.68109856;2;;;;;;;;;;;;;;;;;;;;;;;;;;;;;;;;;;;;;;;;;;;;;;;;;;;;;;;;;;;;;;;;;;;;;;;;;;;;;
2720;1786618268;0;2582.551851851849;7.875802703703704;46.56387718518518;2280.848858641423;213.5536938518504;55.39368738758934;1107.873747751787;-0.2481670547349967;0.4275117037037316;5.004502518504752;413839.5862876156;5157315.039872698;2;;;;;;;;;;;;;;;;;;;;;;;;;;;;;;;;;;;;;;;;;;;;;;;;;;;;;;;;;;;;;;;;;;;;;;;;;;;;;
2740;1786618288;0;2601.537037037034;7.866316111111114;46.55634592592592;2281.865921343556;223.1996301851851;54.1848645386596;1083.697290773192;-0.000117441024517696;0.8961866666666238;0.10285500000013328;413100.4980410117;5156488.59562382;2;;;;;;;;;;;;;;;;;;;;;;;;;;;;;;;;;;;;;;;;;;;;;;;;;;;;;;;;;;;;;;;;;;;;;;;;;;;;;
2760;1786618308;0;2620.555555555553;7.856656666666668;46.54921444444444;2282.414135018667;223.4014577777778;53.65952799098314;1073.190559819663;-0.12179989923839548;1.078004444444431;-0.07576444444441206;412348.6025359148;5155706.854016366;2;;;;;;;;;;;;;;;;;;;;;;;;;;;;;;;;;;;;;;;;;;;;;;;;;;;;;;;;;;;;;;;;;;;;;;;;;;;;;
2780;1786618328;0;2639.507407407405;7.847076296296298;46.54216225925926;2282.690206625245;223.3944414074074;52.77999836962144;1055.599967392429;0.07813850785124452;1.150601222222217;-0.1081731111111607;411602.7059568418;5154933.926846142;2;;;;;;;;;;;;;;;;;;;;;;;;;;;;;;;;;;;;;;;;;;;;;;;;;;;;;;;;;;;;;;;;;;;;;;;;;;;;;
2800;1786618348;0;2658.492592592591;7.839001185185186;46.5344637037037;2281.012590224889;192.9994290740802;50.92669469508978;1018.5338939017956;0.5769800230680572;1.834192037037194;-16.56331718518563;410970.9899513619;5154087.568986596;2;;;;;;;;;;;;;;;;;;;;;;;;;;;;;;;;;;;;;;;;;;;;;;;;;;;;;;;;;;;;;;;;;;;;;;;;;;;;;
2820;1786618368;0;2677.494252873565;7.84281195402299;46.52568701149426;2281.731237497104;134.0502050574654;50.64990938347192;1012.9981876694384;0.6052281282393456;1.706057701149429;-15.908670114942588;411248.913210013;5153108.046680028;2;;;;;;;;;;;;;;;;;;;;;;;;;;;;;;;;;;;;;;;;;;;;;;;;;;;;;;;;;;;;;;;;;;;;;;;;;;;;;
2840;1786618388;0;2696.547892720306;7.855629003831416;46.52340122605364;2281.893437821426;75.22317088122922;52.5384809145457;1050.769618290914;0.6018780551119548;1.727601685823756;-15.832740268199232;412228.2342831804;5152839.730023596;2;;;;;;;;;;;;;;;;;;;;;;;;;;;;;;;;;;;;;;;;;;;;;;;;;;;;;;;;;;;;;;;;;;;;;;;;;;;;;
2860;1786618408;0;2715.567049808426;7.867400229885056;46.52827011494254;2283.272173574805;54.10254068965564;52.63792222791892;1052.758444558378;-0.04299444697544947;1.289524137931073;-0.7272672413796314;413138.8276961645;5153367.721800692;2;;;;;;;;;;;;;;;;;;;;;;;;;;;;;;;;;;;;;;;;;;;;;;;;;;;;;;;;;;;;;;;;;;;;;;;;;;;;;
2880;1786618428;0;2734.551724137931;7.877526206896552;46.53468172413794;2279.239816416;30.36068103448312;43.14268820249031;862.8537640498064;0.12332002319764924;1.209159999999652;0.6841203448254738;413925.5331905762;5154069.06285845;2;;;;;;;;;;;;;;;;;;;;;;;;;;;;;;;;;;;;;;;;;;;;;;;;;;;;;;;;;;;;;;;;;;;;;;;;;;;;;
2900;1786618448;0;2753.57088122605;7.88858264367816;46.53622022988506;2261.471700100864;146.3340091570882;48.69472235286122;973.8944470572242;-0.3122452233954555;6.919897624512912;8.782058927228708;414775.7737409699;5154228.018414152;2;;;;;;;;;;;;;;;;;;;;;;;;;;;;;;;;;;;;;;;;;;;;;;;;;;;;;;;;;;;;;;;;;;;;;;;;;;;;;
2920;1786618468;0;2772.537037037035;7.890973333333334;46.5276175925926;2277.683027838222;191.2754698148096;50.88897357419608;1017.7794714839214;-0.4146389330879206;3.003666481481609;13.686536481485926;414945.6621918057;5153269.547866466;2;;;;;;;;;;;;;;;;;;;;;;;;;;;;;;;;;;;;;;;;;;;;;;;;;;;;;;;;;;;;;;;;;;;;;;;;;;;;;
2940;1786618488;0;2791.488888888886;7.885599111111112;46.51924466666668;2282.727976538133;211.3927324444401;51.77011772130588;1035.402354426118;-0.1419141547087594;1.836723111111246;4.6000497777764;414520.3679873342;5152344.986277768;2;;;;;;;;;;;;;;;;;;;;;;;;;;;;;;;;;;;;;;;;;;;;;;;;;;;;;;;;;;;;;;;;;;;;;;;;;;;;;
2960;1786618508;0;2810.455938697316;7.878212183908048;46.5114430651341;2283.72993970869;212.8272042145596;48.79059544255544;975.811908851109;0.2003124604665674;1.479540881226108;-0.5775704597711112;413941.4445151911;5151486.1289626;2;;;;;;;;;;;;;;;;;;;;;;;;;;;;;;;;;;;;;;;;;;;;;;;;;;;;;;;;;;;;;;;;;;;;;;;;;;;;;
2980;1786618528;0;2829.425925925925;7.873258148148148;46.50335685185186;2316.207190058223;162.5237079629721;44.20432751440776;884.0865502881552;1.158858282835508;3.675081666666891;-23.97944462962979;413548.5754131336;5150593.035096238;2;;;;;;;;;;;;;;;;;;;;;;;;;;;;;;;;;;;;;;;;;;;;;;;;;;;;;;;;;;;;;;;;;;;;;;;;;;;;;
3000;1786618548;0;2848.425287356321;7.883162183908046;46.49926551724138;2324.11170698262;76.98286137931316;49.17606393609112;983.5212787218224;0.9284950563007716;1.986455632184303;-18.50195632183905;414302.0476700728;5150127.630027942;2;;;;;;;;;;;;;;;;;;;;;;;;;;;;;;;;;;;;;;;;;;;;;;;;;;;;;;;;;;;;;;;;;;;;;;;;;;;;;
3020;1786618568;0;2867.478927203064;7.892522413793102;46.50532551724138;2287.247471706484;21.04120475095828;52.58314827079708;1051.662965415942;0.1437433772408667;1.0407948658997994;1.094711226052686;415029.7211556782;5150790.876643416;2;;;;;;;;;;;;;;;;;;;;;;;;;;;;;;;;;;;;;;;;;;;;;;;;;;;;;;;;;;;;;;;;;;;;;;;;;;;;;
3040;1786618588;0;2886.463601532563;7.897605632183908;46.51411252873564;2286.947864389058;1.726809272043381;51.68126485951322;1033.625297190264;-0.1461967184067243;2.463194482764241;10.23207586208136;415433.3550150944;5151761.795253128;2;;;;;;;;;;;;;;;;;;;;;;;;;;;;;;;;;;;;;;;;;;;;;;;;;;;;;;;;;;;;;;;;;;;;;;;;;;;;;
3060;1786618608;0;2905.51724137931;7.900686896551724;46.52316310344828;2282.364379863724;186.0154855172414;49.68963077119848;993.7926154239694;0.08921567820285532;1.570166206896552;2.566488620689655;415683.7251802011;5152764.162828192;2;;;;;;;;;;;;;;;;;;;;;;;;;;;;;;;;;;;;;;;;;;;;;;;;;;;;;;;;;;;;;;;;;;;;;;;;;;;;;
3080;1786618628;0;2924.485185185182;7.901212185185184;46.53209318518518;2281.879033286399;14.14506637036482;50.77669234149976;1015.533846829995;-0.2854688300814132;2.978523555556346;8.420865333348542;415737.8254608084;5153755.877800282;2;;;;;;;;;;;;;;;;;;;;;;;;;;;;;;;;;;;;;;;;;;;;;;;;;;;;;;;;;;;;;;;;;;;;;;;;;;;;;
3100;1786618648;0;2943.521072796932;7.903537739463602;46.54108490421456;2283.73092199384;9.512770268196852;52.05254885440808;1041.050977088162;-0.2455035905362169;1.728772911876915;5.722703103455426;415930.042292731;5154752.524268106;2;;;;;;;;;;;;;;;;;;;;;;;;;;;;;;;;;;;;;;;;;;;;;;;;;;;;;;;;;;;;;;;;;;;;;;;;;;;;;
3120;1786618668;0;2962.574712643676;7.907675172413794;46.5500043678161;2282.069097366345;19.83750770114825;52.28063310179152;1045.61266203583;-0.02144403747687479;1.899203563218651;4.117441264364859;416260.9910056287;5155739.224559024;2;;;;;;;;;;;;;;;;;;;;;;;;;;;;;;;;;;;;;;;;;;;;;;;;;;;;;;;;;;;;;;;;;;;;;;;;;;;;;
3140;1786618688;0;2981.524904214554;7.915246704980842;46.55783471264368;2282.284773180689;39.13383490422558;52.2456533705895;1044.91306741179;0.4098988855596688;1.569455057472093;-8.46018869729359;416853.3916937085;5156601.299346546;2;;;;;;;;;;;;;;;;;;;;;;;;;;;;;;;;;;;;;;;;;;;;;;;;;;;;;;;;;;;;;;;;;;;;;;;;;;;;;
3160;1786618708;0;3000.578544061298;7.925505555555554;46.5640435632184;2283.411897550069;53.32924578544056;52.76551444920518;1055.310288984104;0.05830865756904206;1.411536091954113;-0.02435452107293661;417649.1258058214;5157280.447373746;2;;;;;;;;;;;;;;;;;;;;;;;;;;;;;;;;;;;;;;;;;;;;;;;;;;;;;;;;;;;;;;;;;;;;;;;;;;;;;
3180;1786618728;0;3019.597701149421;7.936536666666664;46.56974931034484;2283.262538192829;53.41638091954024;53.92578386472944;1078.515677294589;0.0543622217994138;1.25273264367818;-0.09476482758620438;418503.1080482903;5157902.997204792;2;;;;;;;;;;;;;;;;;;;;;;;;;;;;;;;;;;;;;;;;;;;;;;;;;;;;;;;;;;;;;;;;;;;;;;;;;;;;;
3200;1786618748;0;3038.651340996167;7.947813831417626;46.57557842911878;2285.610228393196;53.44881229885058;57.82667853899926;1156.533570779985;0.05924162664852538;0.3634813026821035;-0.10550444444443322;419375.9506296378;5158539.12330524;2;;;;;;;;;;;;;;;;;;;;;;;;;;;;;;;;;;;;;;;;;;;;;;;;;;;;;;;;;;;;;;;;;;;;;;;;;;;;;
3220;1786618768;0;3057.648148148144;7.959917777777776;46.58182037037038;2284.931695360445;53.4806012962963;60.17549430180284;1203.509886036057;0.11612148183326662;-0.459660925925838;-0.1638966666666595;420312.5590826958;5159220.409899794;2;;;;;;;;;;;;;;;;;;;;;;;;;;;;;;;;;;;;;;;;;;;;;;;;;;;;;;;;;;;;;;;;;;;;;;;;;;;;;
3240;1786618788;0;3076.666666666664;7.972506666666666;46.58832333333334;2283.827655856001;53.48601333333334;61.0294237244037;1220.588474488074;-0.11041072726146956;-0.6864166666666518;-0.1797733333333324;421286.4837609289;5159930.359773034;2;;;;;;;;;;;;;;;;;;;;;;;;;;;;;;;;;;;;;;;;;;;;;;;;;;;;;;;;;;;;;;;;;;;;;;;;;;;;;
3260;1786618808;0;3095.674329501913;7.985278544061302;46.59491601532568;2283.325092740598;53.48942766283526;61.20133519147008;1224.026703829402;-0.0833682643173147;-0.7479019540229838;-0.1845776628352487;422274.3237211014;5160650.253703398;2;;;;;;;;;;;;;;;;;;;;;;;;;;;;;;;;;;;;;;;;;;;;;;;;;;;;;;;;;;;;;;;;;;;;;;;;;;;;;
3280;1786618828;0;3114.603703703702;7.99809448148148;46.6015212962963;2283.140797737156;53.4922073333335;58.6490473777753;1172.980947555506;0.1632653582571343;-0.7354473333333776;-3.770805518510131;423265.3198504563;5161371.664340798;2;;;;;;;;;;;;;;;;;;;;;;;;;;;;;;;;;;;;;;;;;;;;;;;;;;;;;;;;;;;;;;;;;;;;;;;;;;;;;
3300;1786618848;0;3133.555555555553;8.004796666666668;46.61101222222222;2280.869282634667;356.7110988888964;58.69218110929512;1173.843622185903;0.6235148964120438;-0.2145588888888916;-18.16255222222224;423791.9412478041;5162419.774135386;2;;;;;;;;;;;;;;;;;;;;;;;;;;;;;;;;;;;;;;;;;;;;;;;;;;;;;;;;;;;;;;;;;;;;;;;;;;;;;
3320;1786618868;0;3152.540740740739;7.996404444444446;46.619856;2281.083315633068;298.2944027407463;58.46030047167638;1169.206009433528;0.7040990893206896;-0.2237969629629635;-18.13140251851852;423161.8184544752;5163410.623263082;2;;;;;;;;;;;;;;;;;;;;;;;;;;;;;;;;;;;;;;;;;;;;;;;;;;;;;;;;;;;;;;;;;;;;;;;;;;;;;
3340;1786618888;0;3171.525925925924;7.981100814814816;46.61957274074074;2281.705399744355;241.4717597777816;60.92253420778036;1218.450684155607;0.463412859886086;-0.09335429629628376;-10.919204000004654;421989.7280112496;5163394.179929074;2;;;;;;;;;;;;;;;;;;;;;;;;;;;;;;;;;;;;;;;;;;;;;;;;;;;;;;;;;;;;;;;;;;;;;;;;;;;;;
3360;1786618908;0;3190.5632183908;7.967910114942532;46.61340977011494;2283.95862480745;236.6534548275846;61.10194201136276;1222.038840227255;-0.06924367709460258;-0.7667008045972532;1.724312643676364;420970.8443026159;5162722.502601968;2;;;;;;;;;;;;;;;;;;;;;;;;;;;;;;;;;;;;;;;;;;;;;;;;;;;;;;;;;;;;;;;;;;;;;;;;;;;;;
3380;1786618928;0;3209.616858237544;7.953961187739466;46.60802812260536;2283.687576561012;246.5565947892693;60.9031776344924;1218.063552689848;-0.2277772137665688;-0.763468582375374;5.095588275859574;419894.8192787684;5162138.584320132;2;;;;;;;;;;;;;;;;;;;;;;;;;;;;;;;;;;;;;;;;;;;;;;;;;;;;;;;;;;;;;;;;;;;;;;;;;;;;;
3400;1786618948;0;3228.581481481478;7.93942877777778;46.60352066666668;2280.227517237421;233.3859160370422;61.2951543415944;1225.903086831888;0.2248499982686814;-0.2754072962974648;-6.678985111122288;418775.2031860901;5161652.594894762;2;;;;;;;;;;;;;;;;;;;;;;;;;;;;;;;;;;;;;;;;;;;;;;;;;;;;;;;;;;;;;;;;;;;;;;;;;;;;;
3420;1786618968;0;3247.586206896548;7.926681379310348;46.5968248275862;2282.978362572414;233.4200403448276;61.29358525488094;1225.871705097619;-0.11485579663911662;-0.7372362068965554;-0.1384724137931279;417788.8104008456;5160921.781125214;2;;;;;;;;;;;;;;;;;;;;;;;;;;;;;;;;;;;;;;;;;;;;;;;;;;;;;;;;;;;;;;;;;;;;;;;;;;;;;
3440;1786618988;0;3266.570881226054;7.913857509578544;46.59020019157088;2283.05582015853;233.4679441762453;61.36821806376908;1227.364361275382;-0.05879043883072724;-0.7648724521072798;-0.1805955172413794;416796.4292970522;5160199.118987824;2;;;;;;;;;;;;;;;;;;;;;;;;;;;;;;;;;;;;;;;;;;;;;;;;;;;;;;;;;;;;;;;;;;;;;;;;;;;;;
3460;1786619008;0;3285.570370370368;7.901016444444446;46.58357037037038;2283.024651405512;233.4662973333334;60.9545853597254;1219.091707194508;-0.07033292844710068;-0.773329703703703;-0.1826271851851853;415802.4846509454;5159476.059994086;2;;;;;;;;;;;;;;;;;;;;;;;;;;;;;;;;;;;;;;;;;;;;;;;;;;;;;;;;;;;;;;;;;;;;;;;;;;;;;
3480;1786619028;0;3304.574712643676;7.889094367816094;46.57628689655174;2279.610287572966;209.3159247126521;58.73993400087974;1174.798680017595;0.7150371480431706;0.07290885057457386;-19.58654333333421;414877.693983906;5158679.538289884;2;;;;;;;;;;;;;;;;;;;;;;;;;;;;;;;;;;;;;;;;;;;;;;;;;;;;;;;;;;;;;;;;;;;;;;;;;;;;;
3500;1786619048;0;3323.543650793645;7.889388333333332;46.56572361111112;2280.833527090953;150.3403946825575;58.52305948942018;1170.461189788404;0.6346370220311442;-0.2336351190476298;-18.14565198412699;414883.6937033665;5157505.461672234;2;;;;;;;;;;;;;;;;;;;;;;;;;;;;;;;;;;;;;;;;;;;;;;;;;;;;;;;;;;;;;;;;;;;;;;;;;;;;;
3520;1786619068;0;3342.54406130268;7.902582452107278;46.56038455938698;2280.931449572599;91.91446440613638;59.71337159000942;1194.267431800188;0.5141580181136088;-0.227795593869732;-18.12558076628353;415886.620684093;5156898.053172426;2;;;;;;;;;;;;;;;;;;;;;;;;;;;;;;;;;;;;;;;;;;;;;;;;;;;;;;;;;;;;;;;;;;;;;;;;;;;;;
3540;1786619088;0;3361.494252873559;7.916951034482756;46.56459804597702;2283.181010078621;55.06361804597816;61.13741730480924;1222.748346096185;0.001132964492120081;-0.7001124137931734;-1.553171034483665;416994.3443308635;5157351.024494836;2;;;;;;;;;;;;;;;;;;;;;;;;;;;;;;;;;;;;;;;;;;;;;;;;;;;;;;;;;;;;;;;;;;;;;;;;;;;;;
3560;1786619108;0;3380.478927203064;7.929820881226054;46.57112762452108;2283.125580925702;53.54117463601534;61.30980273821382;1226.196054764276;0.003744259643736113;-0.7585726053639834;-0.2492349425287457;417990.5349194273;5158063.111078214;2;;;;;;;;;;;;;;;;;;;;;;;;;;;;;;;;;;;;;;;;;;;;;;;;;;;;;;;;;;;;;;;;;;;;;;;;;;;;;
3580;1786619128;0;3399.463601532563;7.942650613026816;46.57774762452108;2283.052912097932;53.4818548275862;61.35117302879658;1227.023460575932;-0.05167630994550966;-0.7754071647509558;-0.1891138314176262;418983.5510170252;5158785.448300562;2;;;;;;;;;;;;;;;;;;;;;;;;;;;;;;;;;;;;;;;;;;;;;;;;;;;;;;;;;;;;;;;;;;;;;;;;;;;;;
3600;1786619148;0;3418.517241379307;7.95549172413793;46.58437103448276;2283.032438716966;53.4825575862069;61.40855089492696;1228.171017898539;0.08372654980666246;-0.7804027586206892;-0.1870296551724139;419977.2058848801;5159508.31396613;2;;;;;;;;;;;;;;;;;;;;;;;;;;;;;;;;;;;;;;;;;;;;;;;;;;;;;;;;;;;;;;;;;;;;;;;;;;;;;
3620;1786619168;0;3437.467432950188;7.968343180076626;46.59100360153256;2283.038371339494;53.48541685823754;61.37498368910336;1227.499673782067;0.05109380226964108;-0.7823040229885058;-0.1866440229885056;420971.4281033052;5160232.348134424;2;;;;;;;;;;;;;;;;;;;;;;;;;;;;;;;;;;;;;;;;;;;;;;;;;;;;;;;;;;;;;;;;;;;;;;;;;;;;;
3640;1786619188;0;3456.486590038311;7.98118601532567;46.59763544061304;2283.035619252414;53.48940896551724;61.2638584382858;1225.277168765716;-0.0459678096421211;-0.7867000766283504;-0.1843501915708756;421964.7500127146;5160956.47156313;2;;;;;;;;;;;;;;;;;;;;;;;;;;;;;;;;;;;;;;;;;;;;;;;;;;;;;;;;;;;;;;;;;;;;;;;;;;;;;
3660;1786619208;0;3475.522222222219;7.99401511111111;46.604248;2282.978874893334;53.48948266666668;60.97804766011136;1219.560953202227;-0.011030380529902878;-0.7319320000000036;-0.1839130000000003;422956.7535245455;5161678.627499714;2;;;;;;;;;;;;;;;;;;;;;;;;;;;;;;;;;;;;;;;;;;;;;;;;;;;;;;;;;;;;;;;;;;;;;;;;;;;;;
3680;1786619228;0;3494.559386973179;8.006460881226054;46.61111731800766;2279.985907117243;38.8792955172476;58.51169387259632;1170.233877451926;0.7418081918175112;-0.4617393103453872;-20.23194268199242;423919.5254647426;5162429.844783668;3;;;;;;;;;;;;;;;;;;;;;;;;;;;;;;;;;;;;;;;;;;;;;;;;;;;;;;;;;;;;;;;;;;;;;;;;;;;;;
3700;1786619248;0;3513.592592592591;8.008456296296298;46.62155185185186;2277.527287004451;338.9432129629685;65.5955571114777;1311.911142229554;0.482678746216909;-1.219981481479917;-18.23797333333298;424086.9084767867;5163587.38528088;3;;;;;;;;;;;;;;;;;;;;;;;;;;;;;;;;;;;;;;;;;;;;;;;;;;;;;;;;;;;;;;;;;;;;;;;;;;;;;
3720;1786619268;0;3532.563218390804;7.997507011494254;46.63064344827586;2282.995927811034;314.2309520689658;70.84833876112508;1416.966775222502;0.013466161538732962;2.380034367815745;-1.154636091954266;423261.4801656875;5164608.230055212;3;;;;;;;;;;;;;;;;;;;;;;;;;;;;;;;;;;;;;;;;;;;;;;;;;;;;;;;;;;;;;;;;;;;;;;;;;;;;;
3740;1786619288;0;3551.547892720306;7.984054559386976;46.63942203065134;2285.010294231817;312.3029568199247;74.13932337284676;1482.786467456935;0.2537778841201112;1.094204214559503;-8.6285096168551;422244.3077983849;5165596.877844062;3;;;;;;;;;;;;;;;;;;;;;;;;;;;;;;;;;;;;;;;;;;;;;;;;;;;;;;;;;;;;;;;;;;;;;;;;;;;;;
3760;1786619308;0;3570.601532567049;7.96818869731801;46.64711459770116;2284.354238227403;303.7119204980844;75.80725902946514;1516.145180589303;-0.05809728818114302;0.867785363984705;-0.5503467816092666;421041.2101599014;5166467.44187035;3;;;;;;;;;;;;;;;;;;;;;;;;;;;;;;;;;;;;;;;;;;;;;;;;;;;;;;;;;;;;;;;;;;;;;;;;;;;;;
3780;1786619328;0;3589.62068965517;7.951603793103452;46.65461827586206;2283.763887877242;303.4806524137931;76.62499185484306;1532.499837096861;-0.03112510496967482;0.7594706896551842;-0.2170151724137988;419783.1631608939;5167317.993919748;3;;;;;;;;;;;;;;;;;;;;;;;;;;;;;;;;;;;;;;;;;;;;;;;;;;;;;;;;;;;;;;;;;;;;;;;;;;;;;
3800;1786619348;0;3608.585185185182;7.934829185185188;46.66219407407408;2283.489945471111;303.4681671111112;77.15312307814314;1543.062461562863;0.03545488646557826;0.7101751851851904;-0.2111977777777773;418511.0645888617;5168177.023867086;3;;;;;;;;;;;;;;;;;;;;;;;;;;;;;;;;;;;;;;;;;;;;;;;;;;;;;;;;;;;;;;;;;;;;;;;;;;;;;
3820;1786619368;0;3627.590038314174;7.917930766283528;46.66981601532568;2283.372322142897;303.4634894636015;77.34494534604968;1546.898906920994;0.011044010563416972;0.6896580459770088;-0.2183190804597713;417229.9263707601;5169041.585194234;3;;;;;;;;;;;;;;;;;;;;;;;;;;;;;;;;;;;;;;;;;;;;;;;;;;;;;;;;;;;;;;;;;;;;;;;;;;;;;
3840;1786619388;0;3646.62222222222;7.900986222222224;46.67745511111112;2283.387509483733;303.4629466666667;77.6700205500949;1553.400411001898;0.01987486656893002;0.6517948888888932;-0.2181997777777776;415945.6524652071;5169908.379908144;3;;;;;;;;;;;;;;;;;;;;;;;;;;;;;;;;;;;;;;;;;;;;;;;;;;;;;;;;;;;;;;;;;;;;;;;;;;;;;
3860;1786619408;0;3665.559386973174;7.883970957854412;46.685129348659;2283.335174835587;303.4595837164751;77.81984373429514;1556.396874685903;0.06120368050714608;0.6346911494252908;-0.2204191570881222;414656.3932282385;5170779.435665204;3;;;;;;;;;;;;;;;;;;;;;;;;;;;;;;;;;;;;;;;;;;;;;;;;;;;;;;;;;;;;;;;;;;;;;;;;;;;;;
3880;1786619428;0;3684.578544061301;7.86691931034483;46.69281720306514;2283.304714980414;303.4558432183909;77.7221452108514;1554.442904217028;0.1114899755321013;0.6275122222222228;-0.2213531417624521;413364.7445510089;5171652.326329458;3;;;;;;;;;;;;;;;;;;;;;;;;;;;;;;;;;;;;;;;;;;;;;;;;;;;;;;;;;;;;;;;;;;;;;;;;;;;;;
3900;1786619448;0;3703.544444444443;7.849884555555558;46.70049322222222;2283.291153500001;303.4521010000001;77.9095950760464;1558.191901520928;0.03442550250751963;0.6237483333333336;-0.2215435555555554;412074.740247766;5172524.16598806;3;;;;;;;;;;;;;;;;;;;;;;;;;;;;;;;;;;;;;;;;;;;;;;;;;;;;;;;;;;;;;;;;;;;;;;;;;;;;;
3920;1786619468;0;3722.582375478923;7.832801685823758;46.70818295019158;2283.284669055173;303.4485875862069;77.86672778544092;1557.334555708818;0.06671190001692908;0.6219141762452108;-0.2221573563218385;410781.4520332483;5173397.865895314;3;;;;;;;;;;;;;;;;;;;;;;;;;;;;;;;;;;;;;;;;;;;;;;;;;;;;;;;;;;;;;;;;;;;;;;;;;;;;;
3940;1786619488;0;3741.567049808429;7.815729655172414;46.71587249042146;2283.281421078345;303.4445768965517;77.81000147799676;1556.200029559935;0.009826025634121688;0.6210029885057472;-0.2219673180076629;409489.365012096;5174271.816470026;3;;;;;;;;;;;;;;;;;;;;;;;;;;;;;;;;;;;;;;;;;;;;;;;;;;;;;;;;;;;;;;;;;;;;;;;;;;;;;
3960;1786619508;0;3760.53333333333;7.79866466666667;46.72355333333334;2283.2802356656;303.4405740000001;77.87455900898378;1557.491180179676;-0.014061848995046686;0.6200280000000002;-0.2214479999999997;408198.1742979538;5175145.07599954;3;;;;;;;;;;;;;;;;;;;;;;;;;;;;;;;;;;;;;;;;;;;;;;;;;;;;;;;;;;;;;;;;;;;;;;;;;;;;;
3980;1786619528;0;3779.501915708809;7.78158329501916;46.73124076628352;2283.276073741886;303.4373347126437;77.92582003276088;1558.516400655218;-0.03763249366862888;0.6193350191570882;-0.2224700383141762;406906.1156130482;5176019.370552466;3;;;;;;;;;;;;;;;;;;;;;;;;;;;;;;;;;;;;;;;;;;;;;;;;;;;;;;;;;;;;;;;;;;;;;;;;;;;;;
4000;1786619548;0;3798.470370370367;7.764487851851854;46.73893285185186;2283.27169223449;303.433893;77.85865808393852;1557.173161678771;-0.01875145569365654;0.618981777777778;-0.2229594074074073;405613.3632852661;5176894.482893664;3;;;;;;;;;;;;;;;;;;;;;;;;;;;;;;;;;;;;;;;;;;;;;;;;;;;;;;;;;;;;;;;;;;;;;;;;;;;;;
4020;1786619568;0;3817.436781609193;7.747401264367818;46.74661471264368;2283.283001764138;303.4301908045977;81.32410941986336;1626.482188397267;-0.03277582621773383;0.6198312643678162;-0.22315;404321.6430894442;5177768.732609076;3;;;;;;;;;;;;;;;;;;;;;;;;;;;;;;;;;;;;;;;;;;;;;;;;;;;;;;;;;;;;;;;;;;;;;;;;;;;;;
4040;1786619588;0;3836.455938697316;7.729563180076632;46.75465061302684;2199.230979467416;303.5243843295019;84.94178061083954;1698.835612216791;-0.05683813427087338;-3.176288505747142;-0.330826513409946;402973.5381519769;5178683.534125562;3;;;;;;;;;;;;;;;;;;;;;;;;;;;;;;;;;;;;;;;;;;;;;;;;;;;;;;;;;;;;;;;;;;;;;;;;;;;;;
4060;1786619608;0;3855.440613026818;7.710997011494254;46.76311471264368;2136.717357391824;307.7752069348619;87.63952435239216;1752.790487047843;-0.509382148152839;-2.631002988505705;17.94306701148815;401571.0240879266;5179647.137812994;3;;;;;;;;;;;;;;;;;;;;;;;;;;;;;;;;;;;;;;;;;;;;;;;;;;;;;;;;;;;;;;;;;;;;;;;;;;;;;
4080;1786619628;0;3874.390804597699;7.696276896551726;46.77523183908046;2041.278492194218;322.5370566666664;89.7336679297959;1794.673358595918;-0.003691293641344339;-3.49539252873553;1.0024348275855444;400469.3260875087;5181012.125552828;3;;;;;;;;;;;;;;;;;;;;;;;;;;;;;;;;;;;;;;;;;;;;;;;;;;;;;;;;;;;;;;;;;;;;;;;;;;;;;
4100;1786619648;0;3893.340996168581;7.682151072796936;46.78815187739464;1941.119538900602;323.4260916858238;90.40984267876974;1808.196853575395;-0.0445711736455752;-3.618862030651338;-0.2440042145594041;399414.9927852007;5182465.784806842;3;;;;;;;;;;;;;;;;;;;;;;;;;;;;;;;;;;;;;;;;;;;;;;;;;;;;;;;;;;;;;;;;;;;;;;;;;;;;;
4120;1786619668;0;3912.314814814811;7.667963888888892;46.80119407407408;1840.206184056912;323.4908675925926;90.49985298519004;1809.997059703801;0.00612033978612598;-3.669101666666658;-0.3845651851851919;398356.7291655296;5183933.293662466;3;;;;;;;;;;;;;;;;;;;;;;;;;;;;;;;;;;;;;;;;;;;;;;;;;;;;;;;;;;;;;;;;;;;;;;;;;;;;;
4140;1786619688;0;3931.275862068965;7.653755862068966;46.8142475862069;1739.040556736279;323.493835862069;90.57632357196036;1811.526471439207;0.002812238471886318;-3.70128172413793;-0.4046382758620689;397297.4261826462;5185402.284759796;3;;;;;;;;;;;;;;;;;;;;;;;;;;;;;;;;;;;;;;;;;;;;;;;;;;;;;;;;;;;;;;;;;;;;;;;;;;;;;
4160;1786619708;0;3950.329501915708;7.639536168582376;46.82731406130268;1637.499666495177;323.492260229885;90.19036751876932;1803.807350375387;0.02534710688832693;-3.725908812260536;-0.409492835249042;396237.7889427533;5186872.929909494;3;;;;;;;;;;;;;;;;;;;;;;;;;;;;;;;;;;;;;;;;;;;;;;;;;;;;;;;;;;;;;;;;;;;;;;;;;;;;;
4180;1786619728;0;3969.3037037037;7.62536918518519;46.8403225925926;1536.103468469356;323.4906117777778;90.04039388308264;1800.807877661653;0.001536610373838521;-3.747277999999995;-0.411913407407407;395182.5898585851;5188337.26438366;3;;;;;;;;;;;;;;;;;;;;;;;;;;;;;;;;;;;;;;;;;;;;;;;;;;;;;;;;;;;;;;;;;;;;;;;;;;;;;
4200;1786619748;0;3988.333333333331;7.611223333333336;46.85331;1434.523985912013;323.48921;88.1727745809306;1763.455491618612;-0.06027958772006612;-3.767226666666664;-0.4139066666666664;394129.4877229267;5189799.420019066;3;;;;;;;;;;;;;;;;;;;;;;;;;;;;;;;;;;;;;;;;;;;;;;;;;;;;;;;;;;;;;;;;;;;;;;;;;;;;;
4220;1786619768;0;4007.352490421458;7.597369731800766;46.86602911877396;1330.069440872085;323.4231641379311;82.21582303106824;1644.316460621365;0.05893868512203076;-3.829278544061294;-0.427659233716448;393098.6524117074;5191231.56130245;3;;;;;;;;;;;;;;;;;;;;;;;;;;;;;;;;;;;;;;;;;;;;;;;;;;;;;;;;;;;;;;;;;;;;;;;;;;;;;
4240;1786619788;0;4026.359259259258;7.58442288888889;46.87787555555556;1231.284763096537;323.3800300740741;73.45717979201224;1469.143595840245;-0.02613662324622655;-1.152973148148664;-0.3144679629629831;392135.6640200253;5192565.670261532;3;;;;;;;;;;;;;;;;;;;;;;;;;;;;;;;;;;;;;;;;;;;;;;;;;;;;;;;;;;;;;;;;;;;;;;;;;;;;;
4260;1786619808;0;4045.28735632184;7.572846206896552;46.88845655172414;1213.714357900966;323.2903756321839;63.3079438129628;1266.158876259256;0.10288076813687872;1.257091724137961;-0.1449659770114904;391274.9368577923;5193757.426002954;3;;;;;;;;;;;;;;;;;;;;;;;;;;;;;;;;;;;;;;;;;;;;;;;;;;;;;;;;;;;;;;;;;;;;;;;;;;;;;
4280;1786619828;0;4064.27203065134;7.562265747126438;46.89725329501916;1213.239437027495;328.7489099233669;56.1249687848468;1122.499375696936;-0.5518111004508334;2.902965210728256;16.5892927203013;390486.806789054;5194749.652213588;3;;;;;;;;;;;;;;;;;;;;;;;;;;;;;;;;;;;;;;;;;;;;;;;;;;;;;;;;;;;;;;;;;;;;;;;;;;;;;
4300;1786619848;0;4083.222222222218;7.559624444444444;46.90718555555556;1207.119314653327;9.485147777779738;51.97180328834902;1039.43606576698;-0.2555669427157322;5.856942222221824;5.253682222244556;390305.8838278068;5195857.036833334;3;;;;;;;;;;;;;;;;;;;;;;;;;;;;;;;;;;;;;;;;;;;;;;;;;;;;;;;;;;;;;;;;;;;;;;;;;;;;;
4320;1786619868;0;4102.241379310344;7.562003793103448;46.91639103448276;1213.845212114483;12.472019310344806;48.79613512986334;975.9227025972668;0.08852364565680802;5.437767931034472;0.6564900000000224;390505.8377566684;5196876.646998736;3;;;;;;;;;;;;;;;;;;;;;;;;;;;;;;;;;;;;;;;;;;;;;;;;;;;;;;;;;;;;;;;;;;;;;;;;;;;;;
4340;1786619888;0;4121.226053639844;7.564851647509578;46.92494946360152;1214.564952902437;13.11030394636013;46.28634750460418;925.7269500920832;0.03712251252372764;6.396212911877226;0.11915475095785988;390740.083715241;5197823.709643032;3;;;;;;;;;;;;;;;;;;;;;;;;;;;;;;;;;;;;;;;;;;;;;;;;;;;;;;;;;;;;;;;;;;;;;;;;;;;;;
4360;1786619908;0;4139.452107279691;7.567603295019158;46.93305988505748;1213.870215372322;13.125828467432942;43.97080950172721;879.4161900345442;0.03460268037214676;7.66349647509519;0.11541180076629924;390966.0304956507;5198721.13157822;3;;;;;;;;;;;;;;;;;;;;;;;;;;;;;;;;;;;;;;;;;;;;;;;;;;;;;;;;;;;;;;;;;;;;;;;;;;;;;
4380;1786619928;0;4158.436781609193;7.570216781609196;46.94076471264368;1214.004936493517;13.088286551724184;41.26527313079764;825.3054626159528;-0.006533910831186652;9.18645482758598;0.12359011494253622;391180.5792071853;5199573.683186876;3;;;;;;;;;;;;;;;;;;;;;;;;;;;;;;;;;;;;;;;;;;;;;;;;;;;;;;;;;;;;;;;;;;;;;;;;;;;;;
4400;1786619948;0;4177.386973180072;7.572684176245212;46.94799318007664;1213.346785263542;13.00943789271542;39.47074106096888;789.4148212193776;-0.2399369622220889;10.739512605364496;7.217262490396892;391382.9918385127;5200373.510449842;3;;;;;;;;;;;;;;;;;;;;;;;;;;;;;;;;;;;;;;;;;;;;;;;;;;;;;;;;;;;;;;;;;;;;;;;;;;;;;
4420;1786619968;0;4196.302681992336;7.578621992337164;46.95382172413794;1202.703419036047;43.79441187739434;39.40205830542682;788.0411661085366;0.11045289148223158;10.422237203065506;0.9743055555557122;391846.5903952492;5201012.986580352;3;;;;;;;;;;;;;;;;;;;;;;;;;;;;;;;;;;;;;;;;;;;;;;;;;;;;;;;;;;;;;;;;;;;;;;;;;;;;;
4440;1786619988;0;4215.356321839076;7.58590540229885;46.95887264367816;1190.505341020417;44.98200459770118;38.95797308135626;779.1594616271252;8.674795935556808e-05;10.72250229885074;0.1937616091954316;392410.9074042614;5201564.23764703;3;;;;;;;;;;;;;;;;;;;;;;;;;;;;;;;;;;;;;;;;;;;;;;;;;;;;;;;;;;;;;;;;;;;;;;;;;;;;;
4460;1786620008;0;4234.30651340996;7.593166475095786;46.9638266283525;1178.941470583173;45.07315003831416;38.78979898143421;775.7959796286842;-0.2022401588665575;10.974108352490444;0.1710934482758751;392973.2283619567;5202104.799696928;3;;;;;;;;;;;;;;;;;;;;;;;;;;;;;;;;;;;;;;;;;;;;;;;;;;;;;;;;;;;;;;;;;;;;;;;;;;;;;
4480;1786620028;0;4253.29118773946;7.60055356321839;46.96864988505748;1166.560047940232;47.96298735632184;38.74509096956261;774.9018193912524;-0.03863713898875372;11.0423099616861;0.3891705363990713;393544.7745509692;5202630.715483734;3;;;;;;;;;;;;;;;;;;;;;;;;;;;;;;;;;;;;;;;;;;;;;;;;;;;;;;;;;;;;;;;;;;;;;;;;;;;;;
4500;1786620048;0;4272.241379310344;7.608136551724138;46.9733179310345;1153.255204840552;48.05628551724138;39.08541768391727;781.7083536783456;-0.1603017152472942;10.667111724137884;0.1718072413793142;394130.8146935936;5203139.172644362;3;;;;;;;;;;;;;;;;;;;;;;;;;;;;;;;;;;;;;;;;;;;;;;;;;;;;;;;;;;;;;;;;;;;;;;;;;;;;;
4520;1786620068;0;4291.226053639843;7.615790421455938;46.97802425287356;1187.642008164393;48.15275950191568;45.1726144323652;903.452288647304;-0.2371378992686711;16.72795019157635;0.1662663218390446;394722.2212689835;5203651.84438562;3;;;;;;;;;;;;;;;;;;;;;;;;;;;;;;;;;;;;;;;;;;;;;;;;;;;;;;;;;;;;;;;;;;;;;;;;;;;;;
4540;1786620088;0;4310.176245210723;7.624650459770112;46.98345344827586;1226.446254099859;48.28624762452104;65.70278999637472;1314.055799927495;0.1271261964045933;4.062042758622352;0.02301835249049302;395406.6639747549;5204243.291261334;3;;;;;;;;;;;;;;;;;;;;;;;;;;;;;;;;;;;;;;;;;;;;;;;;;;;;;;;;;;;;;;;;;;;;;;;;;;;;;
4560;1786620108;0;4329.229885057469;7.637554712643678;46.99133804597702;1225.292423960277;48.50217896551722;74.9459913054346;1498.919826108692;0.06883421324441232;0.317572988505856;-0.1466071264367053;396403.2381797075;5205102.31336263;3;;;;;;;;;;;;;;;;;;;;;;;;;;;;;;;;;;;;;;;;;;;;;;;;;;;;;;;;;;;;;;;;;;;;;;;;;;;;;
4580;1786620128;0;4348.214559386975;7.65227521072797;47.00033298850576;1217.646315808276;48.42944590038314;74.20088771711874;1484.017754342375;0.05623515424849358;0.5110581609195622;-0.228390919540231;397539.7294986417;5206082.507734826;3;;;;;;;;;;;;;;;;;;;;;;;;;;;;;;;;;;;;;;;;;;;;;;;;;;;;;;;;;;;;;;;;;;;;;;;;;;;;;
4600;1786620148;0;4367.22592592592;7.6668417037037;47.00924618518518;1216.246224562489;48.40523837037038;73.08224766617102;1461.64495332342;0.04853084105371942;0.8073692222221786;-0.201998296296301;398663.9872871658;5207054.030111768;3;;;;;;;;;;;;;;;;;;;;;;;;;;;;;;;;;;;;;;;;;;;;;;;;;;;;;;;;;;;;;;;;;;;;;;;;;;;;;
4620;1786620168;0;4386.218390804596;7.681183793103446;47.01803045977012;1216.34186836331;48.40659804597702;72.49117736718902;1449.82354734378;-0.06678729104702164;0.902948275862061;-0.1910435632183917;399770.5838299017;5208011.721540038;3;;;;;;;;;;;;;;;;;;;;;;;;;;;;;;;;;;;;;;;;;;;;;;;;;;;;;;;;;;;;;;;;;;;;;;;;;;;;;
4640;1786620188;0;4405.168582375477;7.69534295019157;47.0267959770115;1215.618606493059;43.39715099617352;71.54901480493882;1430.980296098777;0.5351562390916572;0.7059438697315952;-15.178326590038746;400862.8904428172;5208967.762062044;3;;;;;;;;;;;;;;;;;;;;;;;;;;;;;;;;;;;;;;;;;;;;;;;;;;;;;;;;;;;;;;;;;;;;;;;;;;;;;
4660;1786620208;0;4424.1877394636;7.704053180076628;47.03821390804598;1216.751780465104;14.052762413797174;71.84781042356608;1436.956208471322;0.3207126099499979;1.0217218390809486;-10.338261532563614;401545.7514308616;5210225.587933938;3;;;;;;;;;;;;;;;;;;;;;;;;;;;;;;;;;;;;;;;;;;;;;;;;;;;;;;;;;;;;;;;;;;;;;;;;;;;;;
4680;1786620228;0;4443.172413793097;7.705844827586208;47.05107896551724;1216.061652550347;359.2069172413901;71.81146399631464;1436.229279926293;0.4379851094310631;0.8981862068958458;-10.921540344835106;401705.5006283015;5211652.968975154;3;;;;;;;;;;;;;;;;;;;;;;;;;;;;;;;;;;;;;;;;;;;;;;;;;;;;;;;;;;;;;;;;;;;;;;;;;;;;;
4700;1786620248;0;4462.191570881222;7.70325827586207;47.0638745210728;1216.427654136459;344.4000652873578;71.4836875159485;1429.67375031897;0.0291786497829366;1.24728605364022;-3.050512796940726;401532.6095536544;5213078.13310972;3;;;;;;;;;;;;;;;;;;;;;;;;;;;;;;;;;;;;;;;;;;;;;;;;;;;;;;;;;;;;;;;;;;;;;;;;;;;;;
4720;1786620268;0;4481.210727969349;7.695467777777778;47.07558590038316;1216.317489933793;325.0247487739466;71.44532728886228;1428.906545777246;0.3533155522391174;1.283208084291196;-5.13902114942469;400962.7489870916;5214389.401244996;3.000000000000001;;;;;;;;;;;;;;;;;;;;;;;;;;;;;;;;;;;;;;;;;;;;;;;;;;;;;;;;;;;;;;;;;;;;;;;;;;;;;
4740;1786620288;0;4500.229885057469;7.682061494252876;47.08462965517242;1216.292285040827;304.9673140229897;71.38206289397678;1427.641257879536;0.03333625440091659;1.307209885057641;-4.057751839084008;399961.9177012662;5215411.45467244;3;;;;;;;;;;;;;;;;;;;;;;;;;;;;;;;;;;;;;;;;;;;;;;;;;;;;;;;;;;;;;;;;;;;;;;;;;;;;;
4760;1786620308;0;4519.145593869734;7.665253141762452;47.09044911877396;1215.798129967724;287.3085374712626;71.36019801904716;1427.203960380943;0.11595535884613628;1.137198544061513;-8.709438390801932;398697.1322196933;5216079.781377064;3;;;;;;;;;;;;;;;;;;;;;;;;;;;;;;;;;;;;;;;;;;;;;;;;;;;;;;;;;;;;;;;;;;;;;;;;;;;;;
4780;1786620328;0;4538.19259259259;7.646625481481484;47.09242422222222;1215.980900045867;268.3060905185218;71.42458664473022;1428.491732894604;0.3079856814398898;0.9607040740736964;-9.52895829629987;397287.171132827;5216323.561648026;3;;;;;;;;;;;;;;;;;;;;;;;;;;;;;;;;;;;;;;;;;;;;;;;;;;;;;;;;;;;;;;;;;;;;;;;;;;;;;
4800;1786620348;0;4557.183908045972;7.628105287356326;47.08996505747128;1216.699857820138;253.8499888505792;70.9425070667646;1418.850141335292;0.02625336434900646;0.992547586206999;-4.834342068952534;395876.82751031;5216074.773478286;3;;;;;;;;;;;;;;;;;;;;;;;;;;;;;;;;;;;;;;;;;;;;;;;;;;;;;;;;;;;;;;;;;;;;;;;;;;;;;
4820;1786620368;0;4576.168582375478;7.610741647509582;47.08516448275862;1215.258306290207;246.6143764367818;67.87247318579008;1357.449463715802;0.2517217772612232;1.264333409961597;-0.5393954789273148;394549.5162053805;5215564.56797009;3;;;;;;;;;;;;;;;;;;;;;;;;;;;;;;;;;;;;;;;;;;;;;;;;;;;;;;;;;;;;;;;;;;;;;;;;;;;;;
4840;1786620388;0;4595.214814814816;7.594347407407406;47.08022414814816;1215.241747966756;246.3367471851852;64.56819342802142;1291.363868560428;0.02696245849742101;1.756242962962986;-0.1151405185185051;393295.2773434717;5215037.80246105;3;;;;;;;;;;;;;;;;;;;;;;;;;;;;;;;;;;;;;;;;;;;;;;;;;;;;;;;;;;;;;;;;;;;;;;;;;;;;;
4860;1786620408;0;4614.172413793104;7.578760689655174;47.07551206896552;1235.47973102731;246.4888903448276;56.16206886248376;1123.241377249675;-0.09290369948655656;3.480126206896798;-0.1851686206896467;392102.5752684165;5214535.54975094;3;;;;;;;;;;;;;;;;;;;;;;;;;;;;;;;;;;;;;;;;;;;;;;;;;;;;;;;;;;;;;;;;;;;;;;;;;;;;;
4880;1786620428;0;4633.191570881222;7.565205478927206;47.07141168582376;1211.619192538668;246.3167655555556;47.35139891246712;947.0279782493422;-0.1661662129255951;0.9505565900369438;-0.09125659003830368;391065.1512896457;5214098.678055842;3;;;;;;;;;;;;;;;;;;;;;;;;;;;;;;;;;;;;;;;;;;;;;;;;;;;;;;;;;;;;;;;;;;;;;;;;;;;;;
4900;1786620448;0;4652.07279693486;7.553782145593874;47.06794762452108;1217.310401041834;246.3958933333333;39.72807549511286;794.5615099022572;0.3665535147461263;3.846570229893354;0.1896954789279816;390190.7473191181;5213729.702516698;3;;;;;;;;;;;;;;;;;;;;;;;;;;;;;;;;;;;;;;;;;;;;;;;;;;;;;;;;;;;;;;;;;;;;;;;;;;;;;
4920;1786620468;0;4671.091954022988;7.544214942528738;47.06501620689656;1214.02203447724;246.2471637931035;40.5961282664489;811.922565328978;-0.08401614267095874;5.703720229885628;0.006458850574652546;389458.2731661437;5213417.420265664;3;;;;;;;;;;;;;;;;;;;;;;;;;;;;;;;;;;;;;;;;;;;;;;;;;;;;;;;;;;;;;;;;;;;;;;;;;;;;;
4940;1786620488;0;4690.140740740736;7.534422592592596;47.06204607407408;1220.800037101334;246.385774888889;45.03475836082886;900.6951672165774;0.2150984501955245;1.561711703704172;-0.10053066666667164;388708.5425511524;5213101.24521323;3;;;;;;;;;;;;;;;;;;;;;;;;;;;;;;;;;;;;;;;;;;;;;;;;;;;;;;;;;;;;;;;;;;;;;;;;;;;;;
4960;1786620508;0;4709.092592592592;7.523565370370372;47.05874333333334;1218.729477756445;246.3682131481482;46.52045836627476;930.4091673254948;0.158684106109305;0.4562209259259714;-0.1080448148148132;387877.1660850455;5212749.727841802;3;;;;;;;;;;;;;;;;;;;;;;;;;;;;;;;;;;;;;;;;;;;;;;;;;;;;;;;;;;;;;;;;;;;;;;;;;;;;;
4980;1786620528;0;4728.011494252876;7.512353103448276;47.05532793103448;1217.193651617655;246.363066091954;46.86356270208366;937.2712540416732;-0.0731619413631546;0.3222806896551726;-0.11349045977011502;387018.4864920618;5212386.318401434;3;;;;;;;;;;;;;;;;;;;;;;;;;;;;;;;;;;;;;;;;;;;;;;;;;;;;;;;;;;;;;;;;;;;;;;;;;;;;;
5000;1786620548;0;4746.961685823754;7.501052605363986;47.05189689655172;1216.714124772414;246.3591634482759;46.92067597819526;938.413519563905;0.002738801658831988;0.3285934865900338;-0.1132549808429121;386152.9643534649;5212021.422744978;3;;;;;;;;;;;;;;;;;;;;;;;;;;;;;;;;;;;;;;;;;;;;;;;;;;;;;;;;;;;;;;;;;;;;;;;;;;;;;
5020;1786620568;0;4765.911877394632;7.489742873563222;47.04845586206896;1216.827196241563;246.3342367432951;48.90574226707342;978.1148453414682;0.06148509835995254;0.4431906513409624;-0.10829865900382678;385286.6099875;5211655.553857258;3;;;;;;;;;;;;;;;;;;;;;;;;;;;;;;;;;;;;;;;;;;;;;;;;;;;;;;;;;;;;;;;;;;;;;;;;;;;;;
5040;1786620588;0;4784.896551724138;7.477955172413794;47.04486965517242;1218.749603556414;246.3858865517242;51.54944773997438;1030.988954799487;0.1337769676711396;-0.8660810344827624;-0.1415275862068967;384383.5256029305;5211274.383380278;3;;;;;;;;;;;;;;;;;;;;;;;;;;;;;;;;;;;;;;;;;;;;;;;;;;;;;;;;;;;;;;;;;;;;;;;;;;;;;
5060;1786620608;0;4803.881226053636;7.4655283908046;47.04109375478928;1217.607572668598;246.3871873180077;52.40853798779432;1048.170759755886;0.06795898784982616;-1.259178812260506;-0.1602060536398453;383431.3608628307;5210873.220347736;3;;;;;;;;;;;;;;;;;;;;;;;;;;;;;;;;;;;;;;;;;;;;;;;;;;;;;;;;;;;;;;;;;;;;;;;;;;;;;
5080;1786620628;0;4822.865900383142;7.452899846743296;47.03724816091954;1216.93178679669;246.3826581609196;52.58404385617092;1051.680877123418;-0.1568957728202336;-1.319328084291188;-0.1637432950191571;382463.5826206189;5210464.7661526;3;;;;;;;;;;;;;;;;;;;;;;;;;;;;;;;;;;;;;;;;;;;;;;;;;;;;;;;;;;;;;;;;;;;;;;;;;;;;;
5100;1786620648;0;4841.885057471262;7.440227011494256;47.03339413793104;1216.721402380414;246.3787906896552;52.5555755770689;1051.111511541378;-0.1651930270799664;-1.321511494252874;-0.1640988505747126;381492.2836274648;5210055.597797888;3;;;;;;;;;;;;;;;;;;;;;;;;;;;;;;;;;;;;;;;;;;;;;;;;;;;;;;;;;;;;;;;;;;;;;;;;;;;;;
5120;1786620668;0;4860.835249042146;7.427560383141762;47.02954459770116;1216.680941009563;246.3753996551725;52.57103401592362;1051.420680318473;-0.1469521222761854;-1.305250766283531;-0.1640069348659004;380521.3284562005;5209647.07469543;3;;;;;;;;;;;;;;;;;;;;;;;;;;;;;;;;;;;;;;;;;;;;;;;;;;;;;;;;;;;;;;;;;;;;;;;;;;;;;
5140;1786620688;0;4879.854406130266;7.414887547892722;47.02569911877394;1216.678277232736;246.3722432950192;52.65264125515992;1053.052825103198;0.1174012577317844;-1.319121455938697;-0.1638585440613027;379549.773246829;5209239.168862414;3;;;;;;;;;;;;;;;;;;;;;;;;;;;;;;;;;;;;;;;;;;;;;;;;;;;;;;;;;;;;;;;;;;;;;;;;;;;;;
5160;1786620708;0;4898.844444444446;7.402205777777778;47.02183266666666;1216.681558774933;246.3692895555556;51.19109764629306;1023.821952925861;-0.04808264010361956;-1.319192222222222;-0.1641031111111111;378577.3540344488;5208829.102851558;3;;;;;;;;;;;;;;;;;;;;;;;;;;;;;;;;;;;;;;;;;;;;;;;;;;;;;;;;;;;;;;;;;;;;;;;;;;;;;
5180;1786620728;0;4917.829629629628;7.391041333333334;47.01665155555556;1212.358047020089;210.9770888148199;47.88107801797056;957.621560359411;0.5076607955000712;-0.2707229629630874;-15.585353925926328;377717.1083053787;5208270.73317505;3;;;;;;;;;;;;;;;;;;;;;;;;;;;;;;;;;;;;;;;;;;;;;;;;;;;;;;;;;;;;;;;;;;;;;;;;;;;;;
5200;1786620748;0;4936.814814814812;7.389630740740742;47.00809333333334;1215.062057100444;176.3811555555549;46.24731637355308;924.9463274710616;-0.1470832295822525;0.2690814814813793;0.91931777777796;377590.345562369;5207321.916677636;3;;;;;;;;;;;;;;;;;;;;;;;;;;;;;;;;;;;;;;;;;;;;;;;;;;;;;;;;;;;;;;;;;;;;;;;;;;;;;
5220;1786620768;0;4955.799999999994;7.392923999999998;47.000084;1215.990268852799;145.1884840000041;46.8250753379286;936.501506758572;0.03288758015293417;0.5731700000006176;-3.143782000006039;377822.4093127047;5206426.74951743;3;;;;;;;;;;;;;;;;;;;;;;;;;;;;;;;;;;;;;;;;;;;;;;;;;;;;;;;;;;;;;;;;;;;;;;;;;;;;;
5240;1786620788;0;4974.881226053636;7.400492490421454;46.9934291954023;1216.742317873195;141.0763485440615;47.05388344312756;941.0776688625512;-0.02828288772252995;0.3508911877394233;-0.3752999616859487;378382.6902364884;5205675.46688454;3;;;;;;;;;;;;;;;;;;;;;;;;;;;;;;;;;;;;;;;;;;;;;;;;;;;;;;;;;;;;;;;;;;;;;;;;;;;;;
5260;1786620808;0;4993.837037037036;7.408381555555556;46.98689703703704;1213.285372459203;140.5957278518519;51.26246587877878;1025.249317575576;0.11100136544782858;-3.9900849629613;-0.1456217037037139;378967.7701023071;5204937.373825456;1;;;;;;;;;;;;;;;;;;;;;;;;;;;;;;;;;;;;;;;;;;;;;;;;;;;;;;;;;;;;;;;;;;;;;;;;;;;;;
5280;1786620828;0;5012.855555555552;7.417020666666666;46.97980633333334;1150.034393585078;140.5176325555556;52.63133420970846;1052.626684194169;0.0425578019889171;-5.271033555555384;-0.2257156666666638;379608.7860124942;5204136.121509432;1;;;;;;;;;;;;;;;;;;;;;;;;;;;;;;;;;;;;;;;;;;;;;;;;;;;;;;;;;;;;;;;;;;;;;;;;;;;;;
5300;1786620848;0;5031.83524904214;7.425897509578542;46.9725309578544;1074.614803063653;140.3613585440614;49.59441873646802;991.8883747293604;0.2247149776000874;-4.53879134099667;-0.1652398467433473;380267.6479931676;5203314.05756526;1;;;;;;;;;;;;;;;;;;;;;;;;;;;;;;;;;;;;;;;;;;;;;;;;;;;;;;;;;;;;;;;;;;;;;;;;;;;;;
5320;1786620868;0;5053.888888888888;7.43427111111111;46.96568111111112;1008.3147965066724;140.4374044444445;50.02558824030222;1000.511764806044;0.09796525536207914;-4.613622222222208;-0.1654588888888916;380889.3570677009;5202540.121375118;1;;;;;;;;;;;;;;;;;;;;;;;;;;;;;;;;;;;;;;;;;;;;;;;;;;;;;;;;;;;;;;;;;;;;;;;;;;;;;
5340;1786620888;0;5072.804597701144;7.442714022988504;46.95877034482758;938.0232285892618;140.4406620689655;49.94464588207432;998.8929176414862;-0.0172393420068989;-4.69551091954022;-0.1693393103448524;381516.369555598;5201759.379394836;1;;;;;;;;;;;;;;;;;;;;;;;;;;;;;;;;;;;;;;;;;;;;;;;;;;;;;;;;;;;;;;;;;;;;;;;;;;;;;
5360;1786620908;0;5091.78927203065;7.451137279693486;46.95186796934868;867.5262448809256;140.4471286590038;49.85556587533078;997.1113175066154;0.1987806602249675;-4.775095478927188;-0.1607408429118843;382142.0722919147;5200979.669048618;1;;;;;;;;;;;;;;;;;;;;;;;;;;;;;;;;;;;;;;;;;;;;;;;;;;;;;;;;;;;;;;;;;;;;;;;;;;;;;
5380;1786620928;0;5110.77394636015;7.459550536398466;46.94498137931036;796.9332790570266;140.4572949808429;49.82157294475312;996.4314588950624;-0.02243551775976759;-4.791153409961694;-0.167996628352488;382767.2152903294;5200201.797135648;1;;;;;;;;;;;;;;;;;;;;;;;;;;;;;;;;;;;;;;;;;;;;;;;;;;;;;;;;;;;;;;;;;;;;;;;;;;;;;
5400;1786620948;0;5129.766666666666;7.467947333333334;46.938094;726.451098987201;140.463827;49.50707907809438;990.1415815618874;-0.015379922772827774;-4.792883666666668;-0.1710353333333333;383391.2699984765;5199423.931195192;1;;;;;;;;;;;;;;;;;;;;;;;;;;;;;;;;;;;;;;;;;;;;;;;;;;;;;;;;;;;;;;;;;;;;;;;;;;;;;
5420;1786620968;0;5148.743295019154;7.476289616858236;46.9312498467433;655.9263951506324;140.447557164751;46.7795309784928;935.5906195698556;0.007979276615642316;-4.374344329502336;-0.1812975478927053;384011.4342826958;5198651.01821014;1;;;;;;;;;;;;;;;;;;;;;;;;;;;;;;;;;;;;;;;;;;;;;;;;;;;;;;;;;;;;;;;;;;;;;;;;;;;;;
5440;1786620988;0;5167.7969348659;7.48417877394636;46.92478701149426;589.7502945116374;140.4346695785441;45.60540871862116;912.1081743724232;-0.02958712464983722;-3.077992835249188;-0.10731206896551628;384598.0843709376;5197921.212926734;1;;;;;;;;;;;;;;;;;;;;;;;;;;;;;;;;;;;;;;;;;;;;;;;;;;;;;;;;;;;;;;;;;;;;;;;;;;;;;
5460;1786621008;0;5186.81609195402;7.49184459770115;46.91847252873564;513.6117182747632;139.1064110344842;35.00098840313244;700.0197680626488;0.10934212141958966;-0.5711897701172238;-1.957395057469811;385168.1931426224;5197208.280738792;1;;;;;;;;;;;;;;;;;;;;;;;;;;;;;;;;;;;;;;;;;;;;;;;;;;;;;;;;;;;;;;;;;;;;;;;;;;;;;
5480;1786621028;0;5205.766283524904;7.497793908045978;46.91366440613028;509.079262758161;142.0793386206889;19.76072479855846;395.2144959711693;-0.3225605259817963;-0.4217097318008952;-0.2377401915709038;385610.9368325765;5196665.297945708;3;;;;;;;;;;;;;;;;;;;;;;;;;;;;;;;;;;;;;;;;;;;;;;;;;;;;;;;;;;;;;;;;;;;;;;;;;;;;;
5500;1786621048;0;5224.792592592592;7.501133037037038;46.91093866666668;510.064120569067;135.1183028148115;3.167529955968628;63.35059911937256;-0.05544868625396954;0.01878303703776847;-0.03769466666655807;385859.4109135723;5196357.54352799;3;;;;;;;;;;;;;;;;;;;;;;;;;;;;;;;;;;;;;;;;;;;;;;;;;;;;;;;;;;;;;;;;;;;;;;;;;;;;;
5520;1786621068;0;5243.804597701146;7.501960229885058;46.91086609195404;510.0798375542068;58.85658908045682;3.425883183098656;68.51766366197312;-0.9709114393919412;-1.611954827586886;0.0156997701151473;385922.2477168668;5196348.275511886;3;;;;;;;;;;;;;;;;;;;;;;;;;;;;;;;;;;;;;;;;;;;;;;;;;;;;;;;;;;;;;;;;;;;;;;;;;;;;;
5540;1786621088;0;5262.729629629628;7.502831888888888;46.9110245925926;510.083966097067;42.90421107408706;0.757407213270829;15.148144265416578;3.074783019522457;-1.453448037036753;0.3610128518519272;385988.9609224448;5196364.621119822;3;;;;;;;;;;;;;;;;;;;;;;;;;;;;;;;;;;;;;;;;;;;;;;;;;;;;;;;;;;;;;;;;;;;;;;;;;;;;;
5560;1786621108;0;5281.704980842906;7.50281;46.91116;510.0891288041382;312.8375319923372;0;0;0;0.4767024137931494;0.01730789272034643;385987.5812906779;5196379.699698928;3;;;;;;;;;;;;;;;;;;;;;;;;;;;;;;;;;;;;;;;;;;;;;;;;;;;;;;;;;;;;;;;;;;;;;;;;;;;;;
5580;1786621128;0;5300.65517241379;7.50281;46.91116;510.0891732628968;312.8379727586207;3.950437369033422e-11;7.900874738066844e-10;0;0.4579286206897062;0.01965551724136765;385987.5812906779;5196379.699698928;3;;;;;;;;;;;;;;;;;;;;;;;;;;;;;;;;;;;;;;;;;;;;;;;;;;;;;;;;;;;;;;;;;;;;;;;;;;;;;
5600;1786621148;0;5319.708812260534;7.50281;46.91116000000002;510.089146660046;312.8376372030652;3.950437369033422e-11;7.900874738066844e-10;0;0.4603460919540646;0.0186139463601466;385987.5812906779;5196379.699698928;3;;;;;;;;;;;;;;;;;;;;;;;;;;;;;;;;;;;;;;;;;;;;;;;;;;;;;;;;;;;;;;;;;;;;;;;;;;;;;
5620;1786621168;0;5338.65900383142;7.50281;46.91116;510.0891864475404;312.8377924521073;0;0;0;0.4627011111111072;0.01961685823754956;385987.5812906779;5196379.699698928;3;;;;;;;;;;;;;;;;;;;;;;;;;;;;;;;;;;;;;;;;;;;;;;;;;;;;;;;;;;;;;;;;;;;;;;;;;;;;;
